// itemrom.h - GENERATED by tools/bake_items.sh (tools/bake_items.c + source/itembake.h). Do not edit.
// 57 item sprites of 21x28 RGB555 (0x8000 = see-through), stored in ROM so they use no RAM.
static const u16 romSpr[57][588] __attribute__((aligned(4)))={
{0x8000,0x8000,0x8000,0x8000,0x8000,0x8000,0x8000,0x8000,0x8000,0x8000,0x8000,0x8000,0x8000,0x8000,0x8000,0x8000,0x8000,0x8000,0x8000,0x8000,0x8000,
0x8000,0x8000,0x8000,0x8000,0x8000,0x8000,0x8000,0x8000,0x8000,0x8000,0x8000,0x8000,0x8000,0x8000,0x8000,0x8000,0x8000,0x8000,0x8000,0x8000,0x8000,
0x8000,0x8000,0x8000,0x8000,0x8000,0x8000,0x8000,0x8000,0x8000,0x8000,0x445,0x8000,0x8000,0x8000,0x8000,0x8000,0x8000,0x8000,0x8000,0x8000,0x8000,
0x8000,0x8000,0x8000,0x8000,0x8000,0x8000,0x8000,0x8000,0x445,0x445,0x2ABD,0x445,0x445,0x8000,0x8000,0x8000,0x8000,0x8000,0x8000,0x8000,0x8000,
0x8000,0x8000,0x8000,0x8000,0x8000,0x8000,0x445,0x445,0x1151,0x1E18,0x1E18,0x2ABD,0x2ABD,0x445,0x445,0x8000,0x8000,0x8000,0x8000,0x8000,0x8000,
0x8000,0x8000,0x8000,0x8000,0x445,0x445,0x1E18,0x1E18,0x1E18,0x1151,0x1151,0x1E18,0x1E18,0x2ABD,0x2ABD,0x445,0x445,0x8000,0x8000,0x8000,0x8000,
0x8000,0x8000,0x445,0x445,0x888,0x1151,0x1151,0x1E18,0x1E18,0x1E18,0x1E18,0x1151,0x1151,0x1E18,0x1E18,0x2ABD,0x888,0x445,0x445,0x8000,0x8000,
0x8000,0x8000,0x44,0x466,0x888,0x888,0x888,0x1151,0x1151,0x1E18,0x1E18,0x1E18,0x1E18,0x1151,0x888,0x888,0x888,0x444,0x22,0x8000,0x8000,
0x8000,0x8000,0x44,0xCEC,0x466,0x466,0x888,0x888,0x888,0x1151,0x1151,0x1E18,0x888,0x888,0x888,0x444,0x444,0x444,0x22,0x8000,0x8000,
0x8000,0x8000,0x44,0x1592,0x1592,0x1592,0x466,0x466,0x888,0x888,0x888,0x888,0x888,0x444,0x444,0xD2D,0x8A9,0x444,0x22,0x8000,0x8000,
0x8000,0x8000,0x44,0x1592,0xCEC,0x1592,0x1592,0x1592,0x466,0x466,0x888,0x444,0x444,0xD2D,0xD2D,0x8A9,0xD2D,0x444,0x22,0x8000,0x8000,
0x8000,0x8000,0x44,0x1592,0x1592,0xCEC,0x1592,0xCEC,0xCEC,0x466,0x444,0x8A9,0xD2D,0xD2D,0xD2D,0xD2D,0xD2D,0x444,0x22,0x8000,0x8000,
0x8000,0x8000,0x44,0x1592,0x1592,0xCEC,0xCEC,0x1592,0x1592,0x466,0x444,0xD2D,0x8A9,0x8A9,0x8A9,0xD2D,0xD2D,0x444,0x22,0x8000,0x8000,
0x8000,0x8000,0x44,0xCEC,0xCEC,0x1592,0xCEC,0x1592,0x1592,0x466,0x444,0xD2D,0xD2D,0x8A9,0x8A9,0x8A9,0xD2D,0x444,0x22,0x8000,0x8000,
0x8000,0x8000,0x44,0x466,0x1592,0x1592,0x1592,0xCEC,0x1592,0x466,0x444,0xD2D,0xD2D,0xD2D,0xD2D,0xD2D,0x8A9,0x444,0x22,0x8000,0x8000,
0x8000,0x8000,0x44,0x466,0x466,0x466,0x1592,0x1592,0x1592,0x466,0x444,0xD2D,0x8A9,0xD2D,0xD2D,0x444,0x444,0x444,0x22,0x8000,0x8000,
0x8000,0x8000,0x44,0xCEC,0x466,0x466,0x466,0x466,0xCEC,0x466,0x444,0x8A9,0xD2D,0x444,0x444,0x444,0x444,0x444,0x22,0x8000,0x8000,
0x8000,0x8000,0x44,0x1592,0x1592,0x1592,0x466,0x466,0x466,0x466,0x444,0x444,0x444,0x444,0x444,0xD2D,0x8A9,0x444,0x22,0x8000,0x8000,
0x8000,0x8000,0x44,0x1592,0xCEC,0x1592,0x1592,0x1592,0x466,0x466,0x444,0x444,0x444,0xD2D,0xD2D,0x8A9,0xD2D,0x444,0x22,0x8000,0x8000,
0x8000,0x8000,0x44,0x1592,0x1592,0xCEC,0x1592,0xCEC,0xCEC,0x466,0x444,0x8A9,0xD2D,0xD2D,0xD2D,0xD2D,0xD2D,0x444,0x22,0x8000,0x8000,
0x8000,0x8000,0x44,0x1592,0x1592,0xCEC,0xCEC,0x1592,0x1592,0x466,0x444,0xD2D,0x8A9,0x8A9,0x8A9,0xD2D,0xD2D,0x444,0x22,0x8000,0x8000,
0x8000,0x8000,0x44,0xCEC,0xCEC,0x1592,0xCEC,0x1592,0x1592,0x466,0x444,0xD2D,0xD2D,0x8A9,0x8A9,0x8A9,0xD2D,0x444,0x22,0x8000,0x8000,
0x8000,0x8000,0x44,0x44,0x1592,0x1592,0x1592,0xCEC,0x1592,0x466,0x444,0xD2D,0xD2D,0xD2D,0xD2D,0xD2D,0x8A9,0x22,0x22,0x8000,0x8000,
0x8000,0x8000,0x8000,0x8000,0x44,0x44,0x1592,0x1592,0x1592,0x466,0x444,0xD2D,0x8A9,0xD2D,0xD2D,0x22,0x22,0x8000,0x8000,0x8000,0x8000,
0x8000,0x8000,0x8000,0x8000,0x8000,0x8000,0x44,0x44,0xCEC,0x466,0x444,0x8A9,0xD2D,0x22,0x22,0x8000,0x8000,0x8000,0x8000,0x8000,0x8000,
0x8000,0x8000,0x8000,0x8000,0x8000,0x8000,0x8000,0x8000,0x44,0x44,0x444,0x22,0x22,0x8000,0x8000,0x8000,0x8000,0x8000,0x8000,0x8000,0x8000,
0x8000,0x8000,0x8000,0x8000,0x8000,0x8000,0x8000,0x8000,0x8000,0x8000,0x22,0x8000,0x8000,0x8000,0x8000,0x8000,0x8000,0x8000,0x8000,0x8000,0x8000,
0x8000,0x8000,0x8000,0x8000,0x8000,0x8000,0x8000,0x8000,0x8000,0x8000,0x8000,0x8000,0x8000,0x8000,0x8000,0x8000,0x8000,0x8000,0x8000,0x8000,0x8000},
{0x8000,0x8000,0x8000,0x8000,0x8000,0x8000,0x8000,0x8000,0x8000,0x8000,0x8000,0x8000,0x8000,0x8000,0x8000,0x8000,0x8000,0x8000,0x8000,0x8000,0x8000,
0x8000,0x8000,0x8000,0x8000,0x8000,0x8000,0x8000,0x8000,0x8000,0x8000,0x8000,0x8000,0x8000,0x8000,0x8000,0x8000,0x8000,0x8000,0x8000,0x8000,0x8000,
0x8000,0x8000,0x8000,0x8000,0x8000,0x8000,0x8000,0x8000,0x8000,0x8000,0x8000,0x8000,0x8000,0x8000,0x8000,0x8000,0x8000,0x8000,0x8000,0x8000,0x8000,
0x8000,0x8000,0x8000,0x8000,0x8000,0x8000,0x8000,0x8000,0x8000,0x8000,0x398B,0x8000,0x8000,0x8000,0x8000,0x8000,0x8000,0x8000,0x8000,0x8000,0x8000,
0x8000,0x8000,0x8000,0x8000,0x8000,0x8000,0x8000,0x8000,0x398B,0x398B,0x7FFF,0x398B,0x398B,0x8000,0x8000,0x8000,0x8000,0x8000,0x8000,0x8000,0x8000,
0x8000,0x8000,0x8000,0x8000,0x8000,0x8000,0x398B,0x398B,0x7FFF,0x7FFF,0x7FFF,0x7FFF,0x7FFF,0x398B,0x398B,0x8000,0x8000,0x8000,0x8000,0x8000,0x8000,
0x8000,0x8000,0x8000,0x8000,0x398B,0x398B,0x5651,0x7FFF,0x7FFF,0x7FFF,0x7FFF,0x7FFF,0x7FFF,0x7FFF,0x5651,0x398B,0x398B,0x8000,0x8000,0x8000,0x8000,
0x8000,0x8000,0x8000,0x8000,0x2908,0x3DAC,0x5651,0x5651,0x5651,0x7FFF,0x7FFF,0x7FFF,0x5651,0x5651,0x5651,0x2D49,0x1CC6,0x8000,0x8000,0x8000,0x8000,
0x8000,0x8000,0x8000,0x8000,0x2908,0x5EF7,0x3DAC,0x3DAC,0x5651,0x5651,0x5651,0x5651,0x5651,0x2D49,0x2D49,0x2D49,0x1CC6,0x8000,0x8000,0x8000,0x8000,
0x8000,0x8000,0x8000,0x8000,0x2908,0x5EF7,0x5EF7,0x5EF7,0x3DAC,0x3DAC,0x5651,0x2D49,0x2D49,0x4631,0x4631,0x2D49,0x1CC6,0x8000,0x8000,0x8000,0x8000,
0x8000,0x8000,0x8000,0x8000,0x2908,0x5EF7,0x5EF7,0x5EF7,0x5EF7,0x3DAC,0x2D49,0x4631,0x4631,0x4631,0x4631,0x2D49,0x1CC6,0x8000,0x8000,0x8000,0x8000,
0x8000,0x8000,0x8000,0x8000,0x2908,0x5EF7,0x5EF7,0x24C5,0x5EF7,0x3DAC,0x2D49,0x4631,0x4631,0x4631,0x4631,0x2D49,0x1CC6,0x8000,0x8000,0x8000,0x8000,
0x8000,0x8000,0x8000,0x8000,0x2908,0x5EF7,0x5EF7,0x24C5,0x24C5,0x3DAC,0x2D49,0x4631,0x4631,0x4631,0x4631,0x2D49,0x1CC6,0x8000,0x8000,0x8000,0x8000,
0x8000,0x8000,0x8000,0x8000,0x2908,0x5251,0x5EF7,0x5EF7,0x24C5,0x3DAC,0x2D49,0x4631,0x4631,0x4631,0x4631,0x2D49,0x1CC6,0x8000,0x8000,0x8000,0x8000,
0x8000,0x8000,0x8000,0x8000,0x2908,0x5EF7,0x5251,0x5251,0x5EF7,0x3DAC,0x2D49,0x4631,0x4631,0x4631,0x4631,0x2D49,0x1CC6,0x8000,0x8000,0x8000,0x8000,
0x8000,0x8000,0x8000,0x8000,0x2908,0x5EF7,0x5EF7,0x5EF7,0x5251,0x3DAC,0x2D49,0x4631,0x4631,0x4631,0x4631,0x2D49,0x1CC6,0x8000,0x8000,0x8000,0x8000,
0x8000,0x8000,0x8000,0x8000,0x2908,0x5EF7,0x5EF7,0x24C5,0x5EF7,0x3DAC,0x2D49,0x4631,0x4631,0x4631,0x4631,0x2D49,0x1CC6,0x8000,0x8000,0x8000,0x8000,
0x8000,0x8000,0x8000,0x8000,0x2908,0x5EF7,0x1095,0x24C5,0x24C5,0x3DAC,0x2D49,0x4631,0x4631,0x4631,0x4631,0x2D49,0x1CC6,0x8000,0x8000,0x8000,0x8000,
0x8000,0x8000,0x8000,0x8000,0x2908,0x5EF7,0x5EF7,0x24C5,0x24C5,0x3DAC,0x2D49,0x4631,0x4631,0x4631,0x4631,0x2D49,0x1CC6,0x8000,0x8000,0x8000,0x8000,
0x8000,0x8000,0x8000,0x8000,0x2908,0x5EF7,0x5EF7,0x24C5,0x24C5,0x3DAC,0x2D49,0x4631,0x4631,0x4631,0x4631,0x2D49,0x1CC6,0x8000,0x8000,0x8000,0x8000,
0x8000,0x8000,0x8000,0x8000,0x2908,0x5EF7,0x5EF7,0x5EF7,0x24C5,0x3DAC,0x2D49,0x4631,0x4631,0x4631,0x4631,0x2D49,0x1CC6,0x8000,0x8000,0x8000,0x8000,
0x8000,0x8000,0x8000,0x8000,0x2908,0x5EF7,0x5EF7,0x5EF7,0x5EF7,0x3DAC,0x2D49,0x4631,0x4631,0x4631,0x4631,0x2D49,0x1CC6,0x8000,0x8000,0x8000,0x8000,
0x8000,0x8000,0x8000,0x8000,0x2908,0x2908,0x5EF7,0x5EF7,0x5EF7,0x3DAC,0x2D49,0x4631,0x4631,0x4631,0x4631,0x1CC6,0x1CC6,0x8000,0x8000,0x8000,0x8000,
0x8000,0x8000,0x8000,0x8000,0x8000,0x8000,0x2908,0x2908,0x5EF7,0x3DAC,0x2D49,0x4631,0x4631,0x1CC6,0x1CC6,0x8000,0x8000,0x8000,0x8000,0x8000,0x8000,
0x8000,0x8000,0x8000,0x8000,0x8000,0x8000,0x8000,0x8000,0x2908,0x2908,0x2D49,0x1CC6,0x1CC6,0x8000,0x8000,0x8000,0x8000,0x8000,0x8000,0x8000,0x8000,
0x8000,0x8000,0x8000,0x8000,0x8000,0x8000,0x8000,0x8000,0x8000,0x8000,0x1CC6,0x8000,0x8000,0x8000,0x8000,0x8000,0x8000,0x8000,0x8000,0x8000,0x8000,
0x8000,0x8000,0x8000,0x8000,0x8000,0x8000,0x8000,0x8000,0x8000,0x8000,0x8000,0x8000,0x8000,0x8000,0x8000,0x8000,0x8000,0x8000,0x8000,0x8000,0x8000,
0x8000,0x8000,0x8000,0x8000,0x8000,0x8000,0x8000,0x8000,0x8000,0x8000,0x8000,0x8000,0x8000,0x8000,0x8000,0x8000,0x8000,0x8000,0x8000,0x8000,0x8000},
{0x8000,0x8000,0x8000,0x8000,0x8000,0x8000,0x8000,0x8000,0x8000,0x8000,0x8000,0x8000,0x8000,0x8000,0x8000,0x8000,0x8000,0x8000,0x8000,0x8000,0x8000,
0x8000,0x8000,0x8000,0x8000,0x8000,0x8000,0x8000,0x8000,0x8000,0x8000,0x8000,0x8000,0x8000,0x8000,0x8000,0x8000,0x8000,0x8000,0x8000,0x8000,0x8000,
0x8000,0x8000,0x8000,0x8000,0x8000,0x8000,0x8000,0x8000,0x8000,0x8000,0x8000,0x8000,0x8000,0x8000,0x8000,0x8000,0x8000,0x8000,0x8000,0x8000,0x8000,
0x8000,0x8000,0x8000,0x8000,0x8000,0x8000,0x8000,0x8000,0x8000,0x8000,0x398B,0x8000,0x8000,0x8000,0x8000,0x8000,0x8000,0x8000,0x8000,0x8000,0x8000,
0x8000,0x8000,0x8000,0x8000,0x8000,0x8000,0x8000,0x8000,0x398B,0x398B,0x7FFF,0x398B,0x398B,0x8000,0x8000,0x8000,0x8000,0x8000,0x8000,0x8000,0x8000,
0x8000,0x8000,0x8000,0x8000,0x8000,0x8000,0x398B,0x398B,0x7FFF,0x7FFF,0x7FFF,0x7FFF,0x7FFF,0x398B,0x398B,0x8000,0x8000,0x8000,0x8000,0x8000,0x8000,
0x8000,0x8000,0x8000,0x8000,0x398B,0x398B,0x5651,0x7FFF,0x7FFF,0x7FFF,0x7FFF,0x7FFF,0x7FFF,0x7FFF,0x5651,0x398B,0x398B,0x8000,0x8000,0x8000,0x8000,
0x8000,0x8000,0x8000,0x8000,0x2908,0x3DAC,0x5651,0x5651,0x5651,0x7FFF,0x7FFF,0x7FFF,0x5651,0x5651,0x5651,0x2D49,0x1CC6,0x8000,0x8000,0x8000,0x8000,
0x8000,0x8000,0x8000,0x8000,0x2908,0x5EF7,0x3DAC,0x3DAC,0x5651,0x5651,0x5651,0x5651,0x5651,0x2D49,0x2D49,0x2D49,0x1CC6,0x8000,0x8000,0x8000,0x8000,
0x8000,0x8000,0x8000,0x8000,0x2908,0x5EF7,0x5EF7,0x5EF7,0x3DAC,0x3DAC,0x5651,0x2D49,0x2D49,0x4631,0x4631,0x2D49,0x1CC6,0x8000,0x8000,0x8000,0x8000,
0x8000,0x8000,0x8000,0x8000,0x2908,0x5EF7,0x5EF7,0x5EF7,0x5EF7,0x3DAC,0x2D49,0x4631,0x4631,0x4631,0x4631,0x2D49,0x1CC6,0x8000,0x8000,0x8000,0x8000,
0x8000,0x8000,0x8000,0x8000,0x2908,0x5EF7,0x5EF7,0x5EF7,0x5EF7,0x3DAC,0x2D49,0x4631,0x4631,0x1883,0x1883,0x2D49,0x1CC6,0x8000,0x8000,0x8000,0x8000,
0x8000,0x8000,0x8000,0x8000,0x2908,0x5EF7,0x5EF7,0x5EF7,0x5EF7,0x3DAC,0x2D49,0x4631,0x4631,0x1883,0x1883,0x2D49,0x1CC6,0x8000,0x8000,0x8000,0x8000,
0x8000,0x8000,0x8000,0x8000,0x2908,0x5EF7,0x5EF7,0x5EF7,0x5EF7,0x3DAC,0x2D49,0x4631,0x4631,0x4631,0x4631,0x2D49,0x1CC6,0x8000,0x8000,0x8000,0x8000,
0x8000,0x8000,0x8000,0x8000,0x2908,0x5EF7,0x5EF7,0x5EF7,0x5EF7,0x3DAC,0x2D49,0x4631,0x4631,0x3DAC,0x3DAC,0x2D49,0x1CC6,0x8000,0x8000,0x8000,0x8000,
0x8000,0x8000,0x8000,0x8000,0x2908,0x5EF7,0x5EF7,0x5EF7,0x5EF7,0x3DAC,0x2D49,0x3DAC,0x3DAC,0x4631,0x4631,0x2D49,0x1CC6,0x8000,0x8000,0x8000,0x8000,
0x8000,0x8000,0x8000,0x8000,0x2908,0x5EF7,0x5EF7,0x5EF7,0x5EF7,0x3DAC,0x2D49,0x4631,0x4631,0x1883,0x1883,0x2D49,0x1CC6,0x8000,0x8000,0x8000,0x8000,
0x8000,0x8000,0x8000,0x8000,0x2908,0x5EF7,0x5EF7,0x5EF7,0x5EF7,0x3DAC,0x2D49,0x4631,0x4631,0x1883,0x1883,0x2D49,0x1CC6,0x8000,0x8000,0x8000,0x8000,
0x8000,0x8000,0x8000,0x8000,0x2908,0x5EF7,0x5EF7,0x5EF7,0x5EF7,0x3DAC,0x2D49,0x4631,0xC6F,0x1883,0x1883,0x2D49,0x1CC6,0x8000,0x8000,0x8000,0x8000,
0x8000,0x8000,0x8000,0x8000,0x2908,0x5EF7,0x5EF7,0x5EF7,0x5EF7,0x3DAC,0x2D49,0x4631,0x4631,0x1883,0x1883,0x2D49,0x1CC6,0x8000,0x8000,0x8000,0x8000,
0x8000,0x8000,0x8000,0x8000,0x2908,0x5EF7,0x5EF7,0x5EF7,0x5EF7,0x3DAC,0x2D49,0x4631,0x4631,0x4631,0x4631,0x2D49,0x1CC6,0x8000,0x8000,0x8000,0x8000,
0x8000,0x8000,0x8000,0x8000,0x2908,0x5EF7,0x5EF7,0x5EF7,0x5EF7,0x3DAC,0x2D49,0x4631,0x4631,0x4631,0x4631,0x2D49,0x1CC6,0x8000,0x8000,0x8000,0x8000,
0x8000,0x8000,0x8000,0x8000,0x2908,0x2908,0x5EF7,0x5EF7,0x5EF7,0x3DAC,0x2D49,0x4631,0x4631,0x4631,0x4631,0x1CC6,0x1CC6,0x8000,0x8000,0x8000,0x8000,
0x8000,0x8000,0x8000,0x8000,0x8000,0x8000,0x2908,0x2908,0x5EF7,0x3DAC,0x2D49,0x4631,0x4631,0x1CC6,0x1CC6,0x8000,0x8000,0x8000,0x8000,0x8000,0x8000,
0x8000,0x8000,0x8000,0x8000,0x8000,0x8000,0x8000,0x8000,0x2908,0x2908,0x2D49,0x1CC6,0x1CC6,0x8000,0x8000,0x8000,0x8000,0x8000,0x8000,0x8000,0x8000,
0x8000,0x8000,0x8000,0x8000,0x8000,0x8000,0x8000,0x8000,0x8000,0x8000,0x1CC6,0x8000,0x8000,0x8000,0x8000,0x8000,0x8000,0x8000,0x8000,0x8000,0x8000,
0x8000,0x8000,0x8000,0x8000,0x8000,0x8000,0x8000,0x8000,0x8000,0x8000,0x8000,0x8000,0x8000,0x8000,0x8000,0x8000,0x8000,0x8000,0x8000,0x8000,0x8000,
0x8000,0x8000,0x8000,0x8000,0x8000,0x8000,0x8000,0x8000,0x8000,0x8000,0x8000,0x8000,0x8000,0x8000,0x8000,0x8000,0x8000,0x8000,0x8000,0x8000,0x8000},
{0x8000,0x8000,0x8000,0x8000,0x8000,0x8000,0x8000,0x8000,0x8000,0x8000,0x8000,0x8000,0x8000,0x8000,0x8000,0x8000,0x8000,0x8000,0x8000,0x8000,0x8000,
0x8000,0x8000,0x8000,0x8000,0x8000,0x8000,0x8000,0x8000,0x8000,0x8000,0x8000,0x8000,0x8000,0x8000,0x8000,0x8000,0x8000,0x8000,0x8000,0x8000,0x8000,
0x8000,0x8000,0x8000,0x8000,0x8000,0x8000,0x8000,0x8000,0x8000,0x8000,0x8000,0x8000,0x8000,0x8000,0x8000,0x8000,0x8000,0x8000,0x8000,0x8000,0x8000,
0x8000,0x8000,0x8000,0x8000,0x8000,0x8000,0x8000,0x8000,0x8000,0x8000,0x398B,0x8000,0x8000,0x8000,0x8000,0x8000,0x8000,0x8000,0x8000,0x8000,0x8000,
0x8000,0x8000,0x8000,0x8000,0x8000,0x8000,0x8000,0x8000,0x398B,0x398B,0x7FFF,0x398B,0x398B,0x8000,0x8000,0x8000,0x8000,0x8000,0x8000,0x8000,0x8000,
0x8000,0x8000,0x8000,0x8000,0x8000,0x8000,0x398B,0x398B,0x7FFF,0x7FFF,0x7FFF,0x7FFF,0x7FFF,0x398B,0x398B,0x8000,0x8000,0x8000,0x8000,0x8000,0x8000,
0x8000,0x8000,0x8000,0x8000,0x398B,0x398B,0x5651,0x7FFF,0x7FFF,0x7FFF,0x7FFF,0x7FFF,0x7FFF,0x7FFF,0x5651,0x398B,0x398B,0x8000,0x8000,0x8000,0x8000,
0x8000,0x8000,0x8000,0x8000,0x2908,0x3DAC,0x5651,0x5651,0x5651,0x7FFF,0x7FFF,0x7FFF,0x5651,0x5651,0x5651,0x2D49,0x1CC6,0x8000,0x8000,0x8000,0x8000,
0x8000,0x8000,0x8000,0x8000,0x2908,0x5EF7,0x3DAC,0x3DAC,0x5651,0x5651,0x5651,0x5651,0x5651,0x2D49,0x2D49,0x2D49,0x1CC6,0x8000,0x8000,0x8000,0x8000,
0x8000,0x8000,0x8000,0x8000,0x2908,0x5EF7,0x5EF7,0x5EF7,0x3DAC,0x3DAC,0x5651,0x2D49,0x2D49,0x4631,0x4631,0x2D49,0x1CC6,0x8000,0x8000,0x8000,0x8000,
0x8000,0x8000,0x8000,0x8000,0x2908,0x5EF7,0x5EF7,0x5EF7,0x5EF7,0x3DAC,0x2D49,0x4631,0x4631,0x4631,0x4631,0x2D49,0x1CC6,0x8000,0x8000,0x8000,0x8000,
0x8000,0x8000,0x8000,0x8000,0x2908,0x5EF7,0x5EF7,0x5EF7,0x5EF7,0x3DAC,0x2D49,0x4631,0x4631,0x4631,0x4631,0x2D49,0x1CC6,0x8000,0x8000,0x8000,0x8000,
0x8000,0x8000,0x8000,0x8000,0x2908,0x5EF7,0x5EF7,0x5EF7,0x5EF7,0x3DAC,0x2D49,0x4631,0x4631,0x4631,0x4631,0x2D49,0x1CC6,0x8000,0x8000,0x8000,0x8000,
0x8000,0x8000,0x8000,0x8000,0x2908,0x5EF7,0x5EF7,0x5EF7,0x5EF7,0x3DAC,0x2D49,0x4631,0x4631,0x4631,0x4631,0x2D49,0x1CC6,0x8000,0x8000,0x8000,0x8000,
0x8000,0x8000,0x8000,0x8000,0x2908,0x5EF7,0x5EF7,0x5EF7,0x5EF7,0x3DAC,0x2D49,0x4631,0x4631,0x4631,0x4631,0x2D49,0x1CC6,0x8000,0x8000,0x8000,0x8000,
0x8000,0x8000,0x8000,0x8000,0x2908,0x5EF7,0x5EF7,0x5EF7,0x5EF7,0x3DAC,0x2D49,0x4631,0x4631,0x4631,0x4631,0x2D49,0x1CC6,0x8000,0x8000,0x8000,0x8000,
0x8000,0x8000,0x8000,0x8000,0x2908,0x5EF7,0x5EF7,0x5EF7,0x5EF7,0x3DAC,0x2D49,0x4631,0x4631,0x4631,0x4631,0x2D49,0x1CC6,0x8000,0x8000,0x8000,0x8000,
0x8000,0x8000,0x8000,0x8000,0x2908,0x5EF7,0x5EF7,0x5EF7,0x5EF7,0x3DAC,0x2D49,0x4631,0x4631,0x4631,0x4631,0x2D49,0x1CC6,0x8000,0x8000,0x8000,0x8000,
0x8000,0x8000,0x8000,0x8000,0x2908,0x5EF7,0x5EF7,0x5EF7,0x5EF7,0x3DAC,0x2D49,0x4631,0x4631,0x4631,0x4631,0x2D49,0x1CC6,0x8000,0x8000,0x8000,0x8000,
0x8000,0x8000,0x8000,0x8000,0x2908,0x5EF7,0x5EF7,0x5EF7,0x5EF7,0x3DAC,0x2D49,0x4631,0x4631,0x4631,0x4631,0x2D49,0x1CC6,0x8000,0x8000,0x8000,0x8000,
0x8000,0x8000,0x8000,0x8000,0x2908,0x5EF7,0x5EF7,0x5EF7,0x5EF7,0x3DAC,0x2D49,0x4631,0x4631,0x4631,0x4631,0x2D49,0x1CC6,0x8000,0x8000,0x8000,0x8000,
0x8000,0x8000,0x8000,0x8000,0x2908,0x5EF7,0x5EF7,0x5EF7,0x5EF7,0x3DAC,0x2D49,0x4631,0x4631,0x4631,0x4631,0x2D49,0x1CC6,0x8000,0x8000,0x8000,0x8000,
0x8000,0x8000,0x8000,0x8000,0x2908,0x2908,0x5EF7,0x5EF7,0x5EF7,0x3DAC,0x2D49,0x4631,0x4631,0x4631,0x4631,0x1CC6,0x1CC6,0x8000,0x8000,0x8000,0x8000,
0x8000,0x8000,0x8000,0x8000,0x8000,0x8000,0x2908,0x2908,0x5EF7,0x3DAC,0x2D49,0x4631,0x4631,0x1CC6,0x1CC6,0x8000,0x8000,0x8000,0x8000,0x8000,0x8000,
0x8000,0x8000,0x8000,0x8000,0x8000,0x8000,0x8000,0x8000,0x2908,0x2908,0x2D49,0x1CC6,0x1CC6,0x8000,0x8000,0x8000,0x8000,0x8000,0x8000,0x8000,0x8000,
0x8000,0x8000,0x8000,0x8000,0x8000,0x8000,0x8000,0x8000,0x8000,0x8000,0x1CC6,0x8000,0x8000,0x8000,0x8000,0x8000,0x8000,0x8000,0x8000,0x8000,0x8000,
0x8000,0x8000,0x8000,0x8000,0x8000,0x8000,0x8000,0x8000,0x8000,0x8000,0x8000,0x8000,0x8000,0x8000,0x8000,0x8000,0x8000,0x8000,0x8000,0x8000,0x8000,
0x8000,0x8000,0x8000,0x8000,0x8000,0x8000,0x8000,0x8000,0x8000,0x8000,0x8000,0x8000,0x8000,0x8000,0x8000,0x8000,0x8000,0x8000,0x8000,0x8000,0x8000},
{0x8000,0x8000,0x8000,0x8000,0x8000,0x8000,0x8000,0x8000,0x8000,0x8000,0x8000,0x8000,0x8000,0x8000,0x8000,0x8000,0x8000,0x8000,0x8000,0x8000,0x8000,
0x8000,0x8000,0x8000,0x8000,0x8000,0x8000,0x8000,0x8000,0x8000,0x8000,0x8000,0x8000,0x8000,0x8000,0x8000,0x8000,0x8000,0x8000,0x8000,0x8000,0x8000,
0x8000,0x8000,0x8000,0x8000,0x8000,0x8000,0x8000,0x8000,0x8000,0x8000,0x8000,0x8000,0x8000,0x8000,0x8000,0x8000,0x8000,0x8000,0x8000,0x8000,0x8000,
0x8000,0x8000,0x8000,0x8000,0x8000,0x8000,0x8000,0x8000,0x8000,0x8000,0x398B,0x8000,0x8000,0x8000,0x8000,0x8000,0x8000,0x8000,0x8000,0x8000,0x8000,
0x8000,0x8000,0x8000,0x8000,0x8000,0x8000,0x8000,0x8000,0x398B,0x398B,0x7FFF,0x398B,0x398B,0x8000,0x8000,0x8000,0x8000,0x8000,0x8000,0x8000,0x8000,
0x8000,0x8000,0x8000,0x8000,0x8000,0x8000,0x398B,0x398B,0x7FFF,0x7FFF,0x7FFF,0x7FFF,0x7FFF,0x398B,0x398B,0x8000,0x8000,0x8000,0x8000,0x8000,0x8000,
0x8000,0x8000,0x8000,0x8000,0x398B,0x398B,0x5651,0x7FFF,0x7FFF,0x7FFF,0x7FFF,0x7FFF,0x7FFF,0x7FFF,0x5651,0x398B,0x398B,0x8000,0x8000,0x8000,0x8000,
0x8000,0x8000,0x8000,0x8000,0x2908,0x3DAC,0x5651,0x5651,0x5651,0x7FFF,0x7FFF,0x7FFF,0x5651,0x5651,0x5651,0x2D49,0x1CC6,0x8000,0x8000,0x8000,0x8000,
0x8000,0x8000,0x8000,0x8000,0x2908,0x5EF7,0x3DAC,0x3DAC,0x5651,0x5651,0x5651,0x5651,0x5651,0x2D49,0x2D49,0x2D49,0x1CC6,0x8000,0x8000,0x8000,0x8000,
0x8000,0x8000,0x8000,0x8000,0x2908,0x5EF7,0x5EF7,0x5EF7,0x3DAC,0x3DAC,0x5651,0x2D49,0x2D49,0x4631,0x4631,0x2D49,0x1CC6,0x8000,0x8000,0x8000,0x8000,
0x8000,0x8000,0x8000,0x8000,0x2908,0x5EF7,0x5EF7,0x5EF7,0x5EF7,0x3DAC,0x2D49,0x4631,0x4631,0x4631,0x4631,0x2D49,0x1CC6,0x8000,0x8000,0x8000,0x8000,
0x8000,0x8000,0x8000,0x8000,0x2908,0x5EF7,0x5EF7,0x5EF7,0x5EF7,0x3DAC,0x2D49,0x4631,0x4631,0x4631,0x4631,0x2D49,0x1CC6,0x8000,0x8000,0x8000,0x8000,
0x8000,0x8000,0x8000,0x8000,0x2908,0x5EF7,0x5EF7,0x5EF7,0x5EF7,0x3DAC,0x2D49,0x4631,0x4631,0x4631,0x4631,0x2D49,0x1CC6,0x8000,0x8000,0x8000,0x8000,
0x8000,0x8000,0x8000,0x8000,0x2908,0x5EF7,0x5EF7,0x5EF7,0x5EF7,0x3DAC,0x2D49,0x4631,0x4631,0x4631,0x4631,0x2D49,0x1CC6,0x8000,0x8000,0x8000,0x8000,
0x8000,0x8000,0x8000,0x8000,0x2908,0x5EF7,0x5EF7,0x5EF7,0x5EF7,0x3DAC,0x2D49,0x4631,0x4631,0x4631,0x4631,0x2D49,0x1CC6,0x8000,0x8000,0x8000,0x8000,
0x8000,0x8000,0x8000,0x8000,0x2908,0x5EF7,0x5EF7,0x5EF7,0x5EF7,0x3DAC,0x2D49,0x4631,0x4631,0x4631,0x4631,0x2D49,0x1CC6,0x8000,0x8000,0x8000,0x8000,
0x8000,0x8000,0x8000,0x8000,0x2908,0x5EF7,0x5EF7,0x5EF7,0x5EF7,0x3DAC,0x2D49,0x4631,0x4631,0x4631,0x4631,0x2D49,0x1CC6,0x8000,0x8000,0x8000,0x8000,
0x8000,0x8000,0x8000,0x8000,0x2908,0x5EF7,0x5EF7,0x5EF7,0x5EF7,0x3DAC,0x2D49,0x4631,0x4631,0x4631,0x4631,0x2D49,0x1CC6,0x8000,0x8000,0x8000,0x8000,
0x8000,0x8000,0x8000,0x8000,0x2908,0x5EF7,0x5EF7,0x5EF7,0x5EF7,0x3DAC,0x2D49,0x4631,0x4631,0x4631,0x4631,0x2D49,0x1CC6,0x8000,0x8000,0x8000,0x8000,
0x8000,0x8000,0x8000,0x8000,0x2908,0x5EF7,0x5EF7,0x5EF7,0x5EF7,0x3DAC,0x2D49,0x4631,0x4631,0x4631,0x4631,0x2D49,0x1CC6,0x8000,0x8000,0x8000,0x8000,
0x8000,0x8000,0x8000,0x8000,0x2908,0x5EF7,0x5EF7,0x5EF7,0x5EF7,0x3DAC,0x2D49,0x4631,0x4631,0x4631,0x4631,0x2D49,0x1CC6,0x8000,0x8000,0x8000,0x8000,
0x8000,0x8000,0x8000,0x8000,0x2908,0x5EF7,0x5EF7,0x5EF7,0x5EF7,0x3DAC,0x2D49,0x4631,0x4631,0x4631,0x4631,0x2D49,0x1CC6,0x8000,0x8000,0x8000,0x8000,
0x8000,0x8000,0x8000,0x8000,0x2908,0x2908,0x5EF7,0x5EF7,0x5EF7,0x3DAC,0x2D49,0x4631,0x4631,0x4631,0x4631,0x1CC6,0x1CC6,0x8000,0x8000,0x8000,0x8000,
0x8000,0x8000,0x8000,0x8000,0x8000,0x8000,0x2908,0x2908,0x5EF7,0x3DAC,0x2D49,0x4631,0x4631,0x1CC6,0x1CC6,0x8000,0x8000,0x8000,0x8000,0x8000,0x8000,
0x8000,0x8000,0x8000,0x8000,0x8000,0x8000,0x8000,0x8000,0x2908,0x2908,0x2D49,0x1CC6,0x1CC6,0x8000,0x8000,0x8000,0x8000,0x8000,0x8000,0x8000,0x8000,
0x8000,0x8000,0x8000,0x8000,0x8000,0x8000,0x8000,0x8000,0x8000,0x8000,0x1CC6,0x8000,0x8000,0x8000,0x8000,0x8000,0x8000,0x8000,0x8000,0x8000,0x8000,
0x8000,0x8000,0x8000,0x8000,0x8000,0x8000,0x8000,0x8000,0x8000,0x8000,0x8000,0x8000,0x8000,0x8000,0x8000,0x8000,0x8000,0x8000,0x8000,0x8000,0x8000,
0x8000,0x8000,0x8000,0x8000,0x8000,0x8000,0x8000,0x8000,0x8000,0x8000,0x8000,0x8000,0x8000,0x8000,0x8000,0x8000,0x8000,0x8000,0x8000,0x8000,0x8000},
{0x8000,0x8000,0x8000,0x8000,0x8000,0x8000,0x8000,0x8000,0x8000,0x8000,0x8000,0x8000,0x8000,0x8000,0x8000,0x8000,0x8000,0x8000,0x8000,0x8000,0x8000,
0x8000,0x8000,0x8000,0x8000,0x8000,0x8000,0x8000,0x8000,0x8000,0x8000,0x8000,0x8000,0x8000,0x8000,0x8000,0x8000,0x8000,0x8000,0x8000,0x8000,0x8000,
0x8000,0x8000,0x8000,0x8000,0x8000,0x8000,0x8000,0x8000,0x8000,0x8000,0x8000,0x8000,0x8000,0x8000,0x8000,0x8000,0x8000,0x8000,0x8000,0x8000,0x8000,
0x8000,0x8000,0x8000,0x8000,0x8000,0x8000,0x8000,0x8000,0x8000,0x8000,0x8000,0x8000,0x8000,0x8000,0x8000,0x8000,0x8000,0x8000,0x8000,0x8000,0x8000,
0x8000,0x8000,0x8000,0x8000,0x8000,0x8000,0x8000,0x8000,0x8000,0x8000,0x8000,0x8000,0x8000,0x8000,0x8000,0x8000,0x8000,0x8000,0x8000,0x8000,0x8000,
0x8000,0x8000,0x8000,0x8000,0x8000,0x8000,0x8000,0x8000,0x8000,0x8000,0x8000,0x8000,0x8000,0x8000,0x8000,0x8000,0x8000,0x8000,0x8000,0x8000,0x8000,
0x8000,0x8000,0x8000,0x8000,0x8000,0x8000,0x8000,0x8000,0x8000,0x8000,0x8000,0x8000,0x8000,0x8000,0x8000,0x8000,0x8000,0x8000,0x8000,0x8000,0x8000,
0x8000,0x8000,0x8000,0x8000,0x8000,0x8000,0x8000,0x8000,0x8000,0x8000,0x8000,0x8000,0x8000,0x8000,0x8000,0x8000,0x8000,0x8000,0x8000,0x8000,0x8000,
0x8000,0x8000,0x8000,0x8000,0x8000,0x8000,0x8000,0x8000,0x8000,0x8000,0x8000,0x8000,0x8000,0x8000,0x8000,0x8000,0x8000,0x8000,0x8000,0x8000,0x8000,
0x8000,0x8000,0x8000,0x8000,0x8000,0x8000,0x8000,0x8000,0x8000,0x8000,0x8000,0x8000,0x8000,0x8000,0x8000,0x8000,0x8000,0x8000,0x8000,0x8000,0x8000,
0x8000,0x8000,0x8000,0x8000,0x8000,0x8000,0x8000,0x8000,0x8000,0x8000,0x8000,0x8000,0x8000,0x8000,0x8000,0x8000,0x8000,0x8000,0x8000,0x8000,0x8000,
0x8000,0x8000,0x8000,0x8000,0x8000,0x8000,0x8000,0x8000,0x8000,0x8000,0x8000,0x8000,0x8000,0x8000,0x8000,0x8000,0x8000,0x8000,0x8000,0x8000,0x8000,
0x8000,0x8000,0x8000,0x8000,0x8000,0x8000,0x8000,0x8000,0x8000,0x8000,0x56B5,0x56B5,0x56B5,0x8000,0x8000,0x8000,0x8000,0x8000,0x8000,0x8000,0x8000,
0x8000,0x8000,0x8000,0x8000,0x8000,0x8000,0x8000,0x8000,0x8000,0x3DEF,0x7FFF,0x7FFF,0x7FFF,0x2D08,0x56B5,0x8000,0x8000,0x8000,0x8000,0x8000,0x8000,
0x8000,0x8000,0x8000,0x8000,0x8000,0x8000,0x8000,0x8000,0x8000,0x3DEF,0x5EF7,0x5EF7,0x7FFF,0x7FFF,0x7FFF,0x2D6B,0x8000,0x8000,0x8000,0x8000,0x8000,
0x8000,0x8000,0x8000,0x8000,0x8000,0x8000,0x8000,0x8000,0x8000,0x3DEF,0x5EF7,0x5EF7,0x5EF7,0x4631,0x4631,0x2D6B,0x8000,0x8000,0x8000,0x8000,0x8000,
0x8000,0x8000,0x8000,0x8000,0x8000,0x8000,0x8000,0x8000,0x56B5,0x7FFF,0x7FFF,0x5EF7,0x5EF7,0x4631,0x4631,0x2D6B,0x8000,0x8000,0x8000,0x8000,0x8000,
0x8000,0x8000,0x8000,0x8000,0x8000,0x8000,0x56B5,0x56B5,0x6E29,0x6E29,0x6E29,0x7FFF,0x7FFF,0x4631,0x4631,0x2D6B,0x8000,0x8000,0x8000,0x8000,0x8000,
0x8000,0x8000,0x8000,0x8000,0x8000,0x3DEF,0x7FFF,0x7FFF,0x7FFF,0x6E29,0x7FFF,0x7FFF,0x7FFF,0x4631,0x4631,0x2508,0x8000,0x8000,0x8000,0x8000,0x8000,
0x8000,0x8000,0x8000,0x8000,0x8000,0x3DEF,0x5EF7,0x5EF7,0x7FFF,0x7FFF,0x7FFF,0x4631,0x4631,0x4631,0x2508,0x8000,0x8000,0x8000,0x8000,0x8000,0x8000,
0x8000,0x8000,0x8000,0x8000,0x8000,0x358B,0x5EF7,0x5EF7,0x5EF7,0x4631,0x4631,0x4631,0x4631,0x2508,0x8000,0x8000,0x8000,0x8000,0x8000,0x8000,0x8000,
0x8000,0x8000,0x8000,0x8000,0x8000,0x8000,0x358B,0x4E51,0x5EF7,0x4631,0x4631,0x39AC,0x2508,0x8000,0x8000,0x8000,0x8000,0x8000,0x8000,0x8000,0x8000,
0x8000,0x8000,0x8000,0x8000,0x8000,0x8000,0x8000,0x358B,0x4E51,0x39AC,0x39AC,0x2508,0x8000,0x8000,0x8000,0x8000,0x8000,0x8000,0x8000,0x8000,0x8000,
0x8000,0x8000,0x8000,0x8000,0x8000,0x8000,0x8000,0x8000,0x358B,0x2508,0x2508,0x8000,0x8000,0x8000,0x8000,0x8000,0x8000,0x8000,0x8000,0x8000,0x8000,
0x8000,0x8000,0x8000,0x8000,0x8000,0x8000,0x8000,0x8000,0x8000,0x8000,0x8000,0x8000,0x8000,0x8000,0x8000,0x8000,0x8000,0x8000,0x8000,0x8000,0x8000,
0x8000,0x8000,0x8000,0x8000,0x8000,0x8000,0x8000,0x8000,0x8000,0x8000,0x8000,0x8000,0x8000,0x8000,0x8000,0x8000,0x8000,0x8000,0x8000,0x8000,0x8000,
0x8000,0x8000,0x8000,0x8000,0x8000,0x8000,0x8000,0x8000,0x8000,0x8000,0x8000,0x8000,0x8000,0x8000,0x8000,0x8000,0x8000,0x8000,0x8000,0x8000,0x8000,
0x8000,0x8000,0x8000,0x8000,0x8000,0x8000,0x8000,0x8000,0x8000,0x8000,0x8000,0x8000,0x8000,0x8000,0x8000,0x8000,0x8000,0x8000,0x8000,0x8000,0x8000},
{0x8000,0x8000,0x8000,0x8000,0x8000,0x8000,0x8000,0x8000,0x8000,0x8000,0x8000,0x8000,0x8000,0x8000,0x8000,0x8000,0x8000,0x8000,0x8000,0x8000,0x8000,
0x8000,0x8000,0x8000,0x8000,0x8000,0x8000,0x8000,0x8000,0x8000,0x8000,0x8000,0x8000,0x8000,0x8000,0x8000,0x8000,0x8000,0x8000,0x8000,0x8000,0x8000,
0x8000,0x8000,0x8000,0x8000,0x8000,0x8000,0x8000,0x8000,0x8000,0x8000,0x8000,0x8000,0x8000,0x8000,0x8000,0x8000,0x8000,0x8000,0x8000,0x8000,0x8000,
0x8000,0x8000,0x8000,0x8000,0x8000,0x8000,0x8000,0x8000,0x8000,0x8000,0x8000,0x8000,0x8000,0x8000,0x8000,0x8000,0x8000,0x8000,0x8000,0x8000,0x8000,
0x8000,0x8000,0x8000,0x8000,0x8000,0x8000,0x8000,0x8000,0x8000,0x8000,0x8000,0x8000,0x8000,0x8000,0x8000,0x8000,0x8000,0x8000,0x8000,0x8000,0x8000,
0x8000,0x8000,0x8000,0x8000,0x8000,0x8000,0x8000,0x8000,0x8000,0x8000,0x8000,0x8000,0x8000,0x8000,0x8000,0x8000,0x8000,0x8000,0x8000,0x8000,0x8000,
0x8000,0x8000,0x8000,0x8000,0x8000,0x8000,0x8000,0x8000,0x8000,0x8000,0x8000,0x8000,0x8000,0x8000,0x8000,0x8000,0x8000,0x8000,0x8000,0x8000,0x8000,
0x8000,0x8000,0x8000,0x8000,0x8000,0x8000,0x8000,0x8000,0x8000,0x8000,0x8000,0x8000,0x8000,0x8000,0x8000,0x8000,0x8000,0x8000,0x8000,0x8000,0x8000,
0x8000,0x8000,0x8000,0x8000,0x8000,0x8000,0x8000,0x8000,0x8000,0x8000,0x8000,0x8000,0x8000,0x8000,0x8000,0x8000,0x8000,0x8000,0x8000,0x8000,0x8000,
0x8000,0x8000,0x8000,0x8000,0x8000,0x8000,0x8000,0x8000,0x8000,0x8000,0x8000,0x8000,0x8000,0x8000,0x8000,0x8000,0x8000,0x8000,0x8000,0x8000,0x8000,
0x8000,0x8000,0x8000,0x8000,0x8000,0x8000,0x8000,0x8000,0x8000,0x8000,0x8000,0x8000,0x8000,0x8000,0x8000,0x8000,0x8000,0x8000,0x8000,0x8000,0x8000,
0x8000,0x8000,0x8000,0x8000,0x8000,0x8000,0x8000,0x8000,0x8000,0x8000,0x8000,0x8000,0x8000,0x8000,0x8000,0x8000,0x8000,0x8000,0x8000,0x8000,0x8000,
0x8000,0x8000,0x8000,0x8000,0x8000,0x8000,0x8000,0x8000,0x2D08,0x56B5,0x56B5,0x8000,0x8000,0x8000,0x8000,0x8000,0x8000,0x8000,0x8000,0x8000,0x8000,
0x8000,0x8000,0x8000,0x8000,0x8000,0x8000,0x56B5,0x56B5,0x7FFF,0x7FFF,0x7FFF,0x2D6B,0x8000,0x8000,0x8000,0x8000,0x8000,0x8000,0x8000,0x8000,0x8000,
0x8000,0x8000,0x8000,0x8000,0x8000,0x3DEF,0x7FFF,0x7FFF,0x7FFF,0x4631,0x4631,0x2D6B,0x8000,0x8000,0x8000,0x8000,0x8000,0x8000,0x8000,0x8000,0x8000,
0x8000,0x8000,0x8000,0x8000,0x8000,0x3DEF,0x5EF7,0x4631,0x4631,0x4631,0x4631,0x2D6B,0x8000,0x8000,0x8000,0x8000,0x8000,0x8000,0x8000,0x8000,0x8000,
0x8000,0x8000,0x8000,0x8000,0x8000,0x3DEF,0x5EF7,0x4631,0x4631,0x4631,0x7FFF,0x7FFF,0x56B5,0x8000,0x8000,0x8000,0x8000,0x8000,0x8000,0x8000,0x8000,
0x8000,0x8000,0x8000,0x8000,0x8000,0x3DEF,0x5EF7,0x4631,0x7FFF,0x7FFF,0x6E29,0x6E29,0x6E29,0x56B5,0x56B5,0x8000,0x8000,0x8000,0x8000,0x8000,0x8000,
0x8000,0x8000,0x8000,0x8000,0x8000,0x358B,0x5EF7,0x5EF7,0x7FFF,0x7FFF,0x7FFF,0x6E29,0x7FFF,0x7FFF,0x7FFF,0x2D6B,0x8000,0x8000,0x8000,0x8000,0x8000,
0x8000,0x8000,0x8000,0x8000,0x8000,0x8000,0x358B,0x5EF7,0x5EF7,0x5EF7,0x7FFF,0x7FFF,0x7FFF,0x4631,0x4631,0x2D6B,0x8000,0x8000,0x8000,0x8000,0x8000,
0x8000,0x8000,0x8000,0x8000,0x8000,0x8000,0x8000,0x358B,0x5EF7,0x5EF7,0x5EF7,0x4631,0x4631,0x4631,0x4631,0x2508,0x8000,0x8000,0x8000,0x8000,0x8000,
0x8000,0x8000,0x8000,0x8000,0x8000,0x8000,0x8000,0x8000,0x358B,0x4E51,0x5EF7,0x4631,0x4631,0x39AC,0x2508,0x8000,0x8000,0x8000,0x8000,0x8000,0x8000,
0x8000,0x8000,0x8000,0x8000,0x8000,0x8000,0x8000,0x8000,0x8000,0x358B,0x4E51,0x39AC,0x39AC,0x2508,0x8000,0x8000,0x8000,0x8000,0x8000,0x8000,0x8000,
0x8000,0x8000,0x8000,0x8000,0x8000,0x8000,0x8000,0x8000,0x8000,0x8000,0x358B,0x2508,0x2508,0x8000,0x8000,0x8000,0x8000,0x8000,0x8000,0x8000,0x8000,
0x8000,0x8000,0x8000,0x8000,0x8000,0x8000,0x8000,0x8000,0x8000,0x8000,0x8000,0x8000,0x8000,0x8000,0x8000,0x8000,0x8000,0x8000,0x8000,0x8000,0x8000,
0x8000,0x8000,0x8000,0x8000,0x8000,0x8000,0x8000,0x8000,0x8000,0x8000,0x8000,0x8000,0x8000,0x8000,0x8000,0x8000,0x8000,0x8000,0x8000,0x8000,0x8000,
0x8000,0x8000,0x8000,0x8000,0x8000,0x8000,0x8000,0x8000,0x8000,0x8000,0x8000,0x8000,0x8000,0x8000,0x8000,0x8000,0x8000,0x8000,0x8000,0x8000,0x8000,
0x8000,0x8000,0x8000,0x8000,0x8000,0x8000,0x8000,0x8000,0x8000,0x8000,0x8000,0x8000,0x8000,0x8000,0x8000,0x8000,0x8000,0x8000,0x8000,0x8000,0x8000},
{0x8000,0x8000,0x8000,0x8000,0x8000,0x8000,0x8000,0x8000,0x8000,0x8000,0x8000,0x8000,0x8000,0x8000,0x8000,0x8000,0x8000,0x8000,0x8000,0x8000,0x8000,
0x8000,0x8000,0x8000,0x8000,0x8000,0x8000,0x8000,0x8000,0x8000,0x8000,0x8000,0x8000,0x8000,0x8000,0x8000,0x8000,0x8000,0x8000,0x8000,0x8000,0x8000,
0x8000,0x8000,0x8000,0x8000,0x8000,0x8000,0x8000,0x8000,0x8000,0x8000,0x8000,0x8000,0x8000,0x8000,0x8000,0x8000,0x8000,0x8000,0x8000,0x8000,0x8000,
0x8000,0x8000,0x8000,0x8000,0x8000,0x8000,0x8000,0x8000,0x8000,0x8000,0x8000,0x8000,0x8000,0x8000,0x8000,0x8000,0x8000,0x8000,0x8000,0x8000,0x8000,
0x8000,0x8000,0x8000,0x8000,0x8000,0x8000,0x8000,0x8000,0x8000,0x8000,0x8000,0x8000,0x8000,0x8000,0x8000,0x8000,0x8000,0x8000,0x8000,0x8000,0x8000,
0x8000,0x8000,0x8000,0x8000,0x8000,0x8000,0x8000,0x8000,0x8000,0x8000,0x8000,0x8000,0x8000,0x8000,0x8000,0x8000,0x8000,0x8000,0x8000,0x8000,0x8000,
0x8000,0x8000,0x8000,0x8000,0x8000,0x8000,0x8000,0x8000,0x8000,0x8000,0x8000,0x8000,0x8000,0x8000,0x8000,0x8000,0x8000,0x8000,0x8000,0x8000,0x8000,
0x8000,0x8000,0x8000,0x8000,0x8000,0x8000,0x8000,0x8000,0x8000,0x8000,0x8000,0x8000,0x8000,0x8000,0x8000,0x8000,0x8000,0x8000,0x8000,0x8000,0x8000,
0x8000,0x8000,0x8000,0x8000,0x8000,0x8000,0x8000,0x8000,0x8000,0x8000,0x8000,0x8000,0x8000,0x8000,0x8000,0x8000,0x8000,0x8000,0x8000,0x8000,0x8000,
0x8000,0x8000,0x8000,0x8000,0x8000,0x8000,0x8000,0x8000,0x8000,0x8000,0x8000,0x8000,0x8000,0x8000,0x8000,0x8000,0x8000,0x8000,0x8000,0x8000,0x8000,
0x8000,0x8000,0x8000,0x8000,0x8000,0x8000,0x8000,0x8000,0x8000,0x8000,0x8000,0x8000,0x8000,0x8000,0x8000,0x8000,0x8000,0x8000,0x8000,0x8000,0x8000,
0x8000,0x8000,0x8000,0x8000,0x8000,0x8000,0x8000,0x8000,0x8000,0x8000,0x8000,0x8000,0x8000,0x8000,0x8000,0x8000,0x8000,0x8000,0x8000,0x8000,0x8000,
0x8000,0x8000,0x8000,0x8000,0x8000,0x8000,0x8000,0x8000,0x8000,0x8000,0x8000,0x8000,0x8000,0x8000,0x8000,0x8000,0x8000,0x8000,0x8000,0x8000,0x8000,
0x8000,0x8000,0x8000,0x8000,0x8000,0x8000,0x8000,0x8000,0x8000,0x8000,0x8000,0x8000,0x8000,0x8000,0x8000,0x8000,0x8000,0x8000,0x8000,0x8000,0x8000,
0x8000,0x8000,0x8000,0x8000,0x8000,0x8000,0x56B5,0x56B5,0x56B5,0x8000,0x8000,0x8000,0x8000,0x8000,0x8000,0x8000,0x8000,0x8000,0x8000,0x8000,0x8000,
0x8000,0x8000,0x8000,0x8000,0x8000,0x3DEF,0x41AC,0x41AC,0x7FFF,0x56B5,0x56B5,0x56B5,0x56B5,0x8000,0x8000,0x8000,0x8000,0x8000,0x8000,0x8000,0x8000,
0x8000,0x8000,0x8000,0x8000,0x8000,0x3DEF,0x5EF7,0x5EF7,0x7FFF,0x7FFF,0x7FFF,0x4631,0x6E29,0x56B5,0x56B5,0x8000,0x8000,0x8000,0x8000,0x8000,0x8000,
0x8000,0x8000,0x8000,0x8000,0x8000,0x3DEF,0x5EF7,0x5EF7,0x5EF7,0x4631,0x4631,0x4631,0x7FFF,0x7FFF,0x7FFF,0x2D6B,0x8000,0x8000,0x8000,0x8000,0x8000,
0x8000,0x8000,0x8000,0x8000,0x8000,0x3DEF,0x5EF7,0x5EF7,0x5EF7,0x4631,0x4631,0x4631,0x7FFF,0x4631,0x4631,0x2D6B,0x8000,0x8000,0x8000,0x8000,0x8000,
0x8000,0x8000,0x8000,0x8000,0x8000,0x358B,0x5EF7,0x5EF7,0x5EF7,0x4631,0x4631,0x4631,0x4631,0x4631,0x4631,0x2508,0x8000,0x8000,0x8000,0x8000,0x8000,
0x8000,0x8000,0x8000,0x8000,0x8000,0x8000,0x358B,0x358B,0x5EF7,0x4631,0x4631,0x39AC,0x4631,0x39AC,0x2508,0x8000,0x8000,0x8000,0x8000,0x8000,0x8000,
0x8000,0x8000,0x8000,0x8000,0x8000,0x8000,0x8000,0x8000,0x358B,0x2508,0x39AC,0x39AC,0x39AC,0x2508,0x8000,0x8000,0x8000,0x8000,0x8000,0x8000,0x8000,
0x8000,0x8000,0x8000,0x8000,0x8000,0x8000,0x8000,0x8000,0x8000,0x8000,0x358B,0x2508,0x2508,0x8000,0x8000,0x8000,0x8000,0x8000,0x8000,0x8000,0x8000,
0x8000,0x8000,0x8000,0x8000,0x8000,0x8000,0x8000,0x8000,0x8000,0x8000,0x8000,0x8000,0x8000,0x8000,0x8000,0x8000,0x8000,0x8000,0x8000,0x8000,0x8000,
0x8000,0x8000,0x8000,0x8000,0x8000,0x8000,0x8000,0x8000,0x8000,0x8000,0x8000,0x8000,0x8000,0x8000,0x8000,0x8000,0x8000,0x8000,0x8000,0x8000,0x8000,
0x8000,0x8000,0x8000,0x8000,0x8000,0x8000,0x8000,0x8000,0x8000,0x8000,0x8000,0x8000,0x8000,0x8000,0x8000,0x8000,0x8000,0x8000,0x8000,0x8000,0x8000,
0x8000,0x8000,0x8000,0x8000,0x8000,0x8000,0x8000,0x8000,0x8000,0x8000,0x8000,0x8000,0x8000,0x8000,0x8000,0x8000,0x8000,0x8000,0x8000,0x8000,0x8000,
0x8000,0x8000,0x8000,0x8000,0x8000,0x8000,0x8000,0x8000,0x8000,0x8000,0x8000,0x8000,0x8000,0x8000,0x8000,0x8000,0x8000,0x8000,0x8000,0x8000,0x8000},
{0x8000,0x8000,0x8000,0x8000,0x8000,0x8000,0x8000,0x8000,0x8000,0x8000,0x8000,0x8000,0x8000,0x8000,0x8000,0x8000,0x8000,0x8000,0x8000,0x8000,0x8000,
0x8000,0x8000,0x8000,0x8000,0x8000,0x8000,0x8000,0x8000,0x8000,0x8000,0x8000,0x8000,0x8000,0x8000,0x8000,0x8000,0x8000,0x8000,0x8000,0x8000,0x8000,
0x8000,0x8000,0x8000,0x8000,0x8000,0x8000,0x8000,0x8000,0x8000,0x8000,0x8000,0x8000,0x8000,0x8000,0x8000,0x8000,0x8000,0x8000,0x8000,0x8000,0x8000,
0x8000,0x8000,0x8000,0x8000,0x8000,0x8000,0x8000,0x8000,0x8000,0x8000,0x8000,0x8000,0x8000,0x8000,0x8000,0x8000,0x8000,0x8000,0x8000,0x8000,0x8000,
0x8000,0x8000,0x8000,0x8000,0x8000,0x8000,0x8000,0x8000,0x8000,0x8000,0x8000,0x8000,0x8000,0x8000,0x8000,0x8000,0x8000,0x8000,0x8000,0x8000,0x8000,
0x8000,0x8000,0x8000,0x8000,0x8000,0x8000,0x8000,0x8000,0x8000,0x8000,0x8000,0x8000,0x8000,0x8000,0x8000,0x8000,0x8000,0x8000,0x8000,0x8000,0x8000,
0x8000,0x8000,0x8000,0x8000,0x8000,0x8000,0x8000,0x8000,0x8000,0x8000,0x8000,0x8000,0x8000,0x8000,0x8000,0x8000,0x8000,0x8000,0x8000,0x8000,0x8000,
0x8000,0x8000,0x8000,0x8000,0x8000,0x8000,0x8000,0x8000,0x8000,0x8000,0x8000,0x8000,0x8000,0x8000,0x8000,0x8000,0x8000,0x8000,0x8000,0x8000,0x8000,
0x8000,0x8000,0x8000,0x8000,0x8000,0x8000,0x8000,0x8000,0x8000,0x8000,0x8000,0x8000,0x8000,0x8000,0x8000,0x8000,0x8000,0x8000,0x8000,0x8000,0x8000,
0x8000,0x8000,0x8000,0x8000,0x8000,0x8000,0x8000,0x8000,0x8000,0x8000,0x8000,0x8000,0x8000,0x8000,0x8000,0x8000,0x8000,0x8000,0x8000,0x8000,0x8000,
0x8000,0x8000,0x8000,0x8000,0x8000,0x8000,0x8000,0x8000,0x8000,0x8000,0x8000,0x8000,0x8000,0x8000,0x8000,0x8000,0x8000,0x8000,0x8000,0x8000,0x8000,
0x8000,0x8000,0x8000,0x8000,0x8000,0x8000,0x8000,0x8000,0x8000,0x8000,0x8000,0x8000,0x8000,0x8000,0x8000,0x8000,0x8000,0x8000,0x8000,0x8000,0x8000,
0x8000,0x8000,0x8000,0x8000,0x8000,0x8000,0x8000,0x8000,0x8000,0x8000,0x8000,0x8000,0x8000,0x8000,0x8000,0x8000,0x8000,0x8000,0x8000,0x8000,0x8000,
0x8000,0x8000,0x8000,0x8000,0x8000,0x8000,0x8000,0x8000,0x8000,0x8000,0x8000,0x8000,0x8000,0x8000,0x8000,0x8000,0x8000,0x8000,0x8000,0x8000,0x8000,
0x8000,0x8000,0x8000,0x8000,0x8000,0x8000,0x8000,0x8000,0x8000,0x8000,0x8000,0x8000,0x56B5,0x56B5,0x56B5,0x8000,0x8000,0x8000,0x8000,0x8000,0x8000,
0x8000,0x8000,0x8000,0x8000,0x8000,0x8000,0x8000,0x8000,0x56B5,0x56B5,0x56B5,0x56B5,0x41AC,0x7FFF,0x7FFF,0x2D6B,0x8000,0x8000,0x8000,0x8000,0x8000,
0x8000,0x8000,0x8000,0x8000,0x8000,0x8000,0x56B5,0x56B5,0x6E29,0x5EF7,0x7FFF,0x7FFF,0x7FFF,0x4631,0x4631,0x2D6B,0x8000,0x8000,0x8000,0x8000,0x8000,
0x8000,0x8000,0x8000,0x8000,0x8000,0x3DEF,0x7FFF,0x7FFF,0x7FFF,0x5EF7,0x5EF7,0x4631,0x4631,0x4631,0x4631,0x2D6B,0x8000,0x8000,0x8000,0x8000,0x8000,
0x8000,0x8000,0x8000,0x8000,0x8000,0x3DEF,0x5EF7,0x5EF7,0x7FFF,0x5EF7,0x5EF7,0x4631,0x4631,0x4631,0x4631,0x2D6B,0x8000,0x8000,0x8000,0x8000,0x8000,
0x8000,0x8000,0x8000,0x8000,0x8000,0x358B,0x5EF7,0x5EF7,0x5EF7,0x5EF7,0x5EF7,0x4631,0x4631,0x4631,0x4631,0x2508,0x8000,0x8000,0x8000,0x8000,0x8000,
0x8000,0x8000,0x8000,0x8000,0x8000,0x8000,0x358B,0x4E51,0x5EF7,0x4E51,0x5EF7,0x4631,0x4631,0x2508,0x2508,0x8000,0x8000,0x8000,0x8000,0x8000,0x8000,
0x8000,0x8000,0x8000,0x8000,0x8000,0x8000,0x8000,0x358B,0x4E51,0x39AC,0x4E51,0x2508,0x2508,0x8000,0x8000,0x8000,0x8000,0x8000,0x8000,0x8000,0x8000,
0x8000,0x8000,0x8000,0x8000,0x8000,0x8000,0x8000,0x8000,0x358B,0x2508,0x2508,0x8000,0x8000,0x8000,0x8000,0x8000,0x8000,0x8000,0x8000,0x8000,0x8000,
0x8000,0x8000,0x8000,0x8000,0x8000,0x8000,0x8000,0x8000,0x8000,0x8000,0x8000,0x8000,0x8000,0x8000,0x8000,0x8000,0x8000,0x8000,0x8000,0x8000,0x8000,
0x8000,0x8000,0x8000,0x8000,0x8000,0x8000,0x8000,0x8000,0x8000,0x8000,0x8000,0x8000,0x8000,0x8000,0x8000,0x8000,0x8000,0x8000,0x8000,0x8000,0x8000,
0x8000,0x8000,0x8000,0x8000,0x8000,0x8000,0x8000,0x8000,0x8000,0x8000,0x8000,0x8000,0x8000,0x8000,0x8000,0x8000,0x8000,0x8000,0x8000,0x8000,0x8000,
0x8000,0x8000,0x8000,0x8000,0x8000,0x8000,0x8000,0x8000,0x8000,0x8000,0x8000,0x8000,0x8000,0x8000,0x8000,0x8000,0x8000,0x8000,0x8000,0x8000,0x8000,
0x8000,0x8000,0x8000,0x8000,0x8000,0x8000,0x8000,0x8000,0x8000,0x8000,0x8000,0x8000,0x8000,0x8000,0x8000,0x8000,0x8000,0x8000,0x8000,0x8000,0x8000},
{0x8000,0x8000,0x8000,0x8000,0x8000,0x8000,0x8000,0x8000,0x8000,0x8000,0x8000,0x8000,0x8000,0x8000,0x8000,0x8000,0x8000,0x8000,0x8000,0x8000,0x8000,
0x8000,0x8000,0x8000,0x8000,0x8000,0x8000,0x8000,0x8000,0x8000,0x8000,0x8000,0x8000,0x8000,0x8000,0x8000,0x8000,0x8000,0x8000,0x8000,0x8000,0x8000,
0x8000,0x8000,0x8000,0x8000,0x8000,0x8000,0x8000,0x8000,0x8000,0x8000,0x8000,0x8000,0x8000,0x8000,0x8000,0x8000,0x8000,0x8000,0x8000,0x8000,0x8000,
0x8000,0x8000,0x8000,0x8000,0x8000,0x8000,0x8000,0x8000,0x8000,0x8000,0x8000,0x8000,0x8000,0x8000,0x8000,0x8000,0x8000,0x8000,0x8000,0x8000,0x8000,
0x8000,0x8000,0x8000,0x8000,0x8000,0x8000,0x8000,0x8000,0x8000,0x8000,0x8000,0x8000,0x8000,0x8000,0x8000,0x8000,0x8000,0x8000,0x8000,0x8000,0x8000,
0x8000,0x8000,0x8000,0x8000,0x8000,0x8000,0x8000,0x8000,0x8000,0x8000,0x8000,0x8000,0x8000,0x8000,0x8000,0x8000,0x8000,0x8000,0x8000,0x8000,0x8000,
0x8000,0x8000,0x8000,0x8000,0x8000,0x8000,0x8000,0x8000,0x8000,0x8000,0x8000,0x8000,0x8000,0x8000,0x8000,0x8000,0x8000,0x8000,0x8000,0x8000,0x8000,
0x8000,0x8000,0x8000,0x8000,0x8000,0x8000,0x8000,0x8000,0x8000,0x8000,0x8000,0x8000,0x8000,0x8000,0x8000,0x8000,0x8000,0x8000,0x8000,0x8000,0x8000,
0x8000,0x8000,0x8000,0x8000,0x8000,0x8000,0x8000,0x8000,0x8000,0x8000,0x8000,0x8000,0x8000,0x8000,0x8000,0x8000,0x8000,0x8000,0x8000,0x8000,0x8000,
0x8000,0x8000,0x8000,0x8000,0x8000,0x8000,0x8000,0x8000,0x8000,0x8000,0x8000,0x8000,0x8000,0x8000,0x8000,0x8000,0x8000,0x8000,0x8000,0x8000,0x8000,
0x8000,0x8000,0x8000,0x8000,0x8000,0x8000,0x8000,0x8000,0x8000,0x8000,0x8000,0x8000,0x8000,0x8000,0x8000,0x8000,0x8000,0x8000,0x8000,0x8000,0x8000,
0x8000,0x8000,0x8000,0x8000,0x8000,0x8000,0x8000,0x8000,0x8000,0x8000,0x8000,0x8000,0x8000,0x8000,0x8000,0x8000,0x8000,0x8000,0x8000,0x8000,0x8000,
0x8000,0x8000,0x8000,0x8000,0x8000,0x8000,0x8000,0x8000,0x8000,0x8000,0x8000,0x8000,0x8000,0x8000,0x8000,0x8000,0x8000,0x8000,0x8000,0x8000,0x8000,
0x8000,0x8000,0x8000,0x8000,0x8000,0x8000,0x8000,0x8000,0x8000,0x8000,0x8000,0x8000,0x8000,0x8000,0x8000,0x8000,0x8000,0x8000,0x8000,0x8000,0x8000,
0x8000,0x8000,0x8000,0x8000,0x8000,0x8000,0x7FDD,0x7FDD,0x7FDD,0x8000,0x8000,0x8000,0x8000,0x8000,0x8000,0x8000,0x8000,0x8000,0x8000,0x8000,0x8000,
0x8000,0x8000,0x8000,0x8000,0x8000,0x5ED5,0x175E,0x175E,0x7FDD,0x7FDD,0x7FDD,0x8000,0x8000,0x8000,0x8000,0x8000,0x8000,0x8000,0x8000,0x8000,0x8000,
0x8000,0x8000,0x8000,0x8000,0x8000,0x49EE,0x5ED5,0x5ED5,0x175E,0x175E,0x7FDD,0x7FDD,0x7FDD,0x8000,0x8000,0x8000,0x8000,0x8000,0x8000,0x8000,0x8000,
0x8000,0x8000,0x8000,0x8000,0x8000,0x8000,0x49EE,0x49EE,0x5ED5,0x5ED5,0x175E,0x175E,0x7FDD,0x7FDD,0x7FDD,0x8000,0x8000,0x8000,0x8000,0x8000,0x8000,
0x8000,0x8000,0x8000,0x8000,0x8000,0x8000,0x8000,0x8000,0x49EE,0x49EE,0x5ED5,0x5ED5,0x175E,0x175E,0x175E,0x4610,0x8000,0x8000,0x8000,0x8000,0x8000,
0x8000,0x8000,0x8000,0x8000,0x8000,0x8000,0x8000,0x8000,0x1CA5,0x1CA5,0x49EE,0x49EE,0x5ED5,0x4610,0x4610,0x356A,0x8000,0x8000,0x8000,0x8000,0x8000,
0x8000,0x8000,0x8000,0x8000,0x8000,0x8000,0x8000,0x8000,0x1CA5,0x1CA5,0x1463,0x1463,0x49EE,0x356A,0x356A,0x8000,0x8000,0x8000,0x8000,0x8000,0x8000,
0x8000,0x8000,0x8000,0x8000,0x8000,0x8000,0x3D8C,0x3D8C,0x1CA5,0x1CA5,0x1463,0x1463,0x1463,0x3D8C,0x3D8C,0x8000,0x8000,0x8000,0x8000,0x8000,0x8000,
0x8000,0x8000,0x8000,0x8000,0x8000,0x8000,0x2D29,0x2D29,0x3D8C,0x3D8C,0x1463,0x3D8C,0x3D8C,0x20C6,0x20C6,0x8000,0x8000,0x8000,0x8000,0x8000,0x8000,
0x8000,0x8000,0x8000,0x8000,0x8000,0x8000,0x8000,0x8000,0x2D29,0x2D29,0x3D8C,0x20C6,0x20C6,0x8000,0x8000,0x8000,0x8000,0x8000,0x8000,0x8000,0x8000,
0x8000,0x8000,0x8000,0x8000,0x8000,0x8000,0x8000,0x8000,0x8000,0x8000,0x20C6,0x8000,0x8000,0x8000,0x8000,0x8000,0x8000,0x8000,0x8000,0x8000,0x8000,
0x8000,0x8000,0x8000,0x8000,0x8000,0x8000,0x8000,0x8000,0x8000,0x8000,0x8000,0x8000,0x8000,0x8000,0x8000,0x8000,0x8000,0x8000,0x8000,0x8000,0x8000,
0x8000,0x8000,0x8000,0x8000,0x8000,0x8000,0x8000,0x8000,0x8000,0x8000,0x8000,0x8000,0x8000,0x8000,0x8000,0x8000,0x8000,0x8000,0x8000,0x8000,0x8000,
0x8000,0x8000,0x8000,0x8000,0x8000,0x8000,0x8000,0x8000,0x8000,0x8000,0x8000,0x8000,0x8000,0x8000,0x8000,0x8000,0x8000,0x8000,0x8000,0x8000,0x8000},
{0x8000,0x8000,0x8000,0x8000,0x8000,0x8000,0x8000,0x8000,0x8000,0x8000,0x8000,0x8000,0x8000,0x8000,0x8000,0x8000,0x8000,0x8000,0x8000,0x8000,0x8000,
0x8000,0x8000,0x8000,0x8000,0x8000,0x8000,0x8000,0x8000,0x8000,0x8000,0x8000,0x8000,0x8000,0x8000,0x8000,0x8000,0x8000,0x8000,0x8000,0x8000,0x8000,
0x8000,0x8000,0x8000,0x8000,0x8000,0x8000,0x8000,0x8000,0x8000,0x8000,0x8000,0x8000,0x8000,0x8000,0x8000,0x8000,0x8000,0x8000,0x8000,0x8000,0x8000,
0x8000,0x8000,0x8000,0x8000,0x8000,0x8000,0x8000,0x8000,0x8000,0x8000,0x8000,0x8000,0x8000,0x8000,0x8000,0x8000,0x8000,0x8000,0x8000,0x8000,0x8000,
0x8000,0x8000,0x8000,0x8000,0x8000,0x8000,0x8000,0x8000,0x8000,0x8000,0x8000,0x8000,0x8000,0x8000,0x8000,0x8000,0x8000,0x8000,0x8000,0x8000,0x8000,
0x8000,0x8000,0x8000,0x8000,0x8000,0x8000,0x8000,0x8000,0x8000,0x8000,0x8000,0x8000,0x8000,0x8000,0x8000,0x8000,0x8000,0x8000,0x8000,0x8000,0x8000,
0x8000,0x8000,0x8000,0x8000,0x8000,0x8000,0x8000,0x8000,0x8000,0x8000,0x8000,0x8000,0x8000,0x8000,0x8000,0x8000,0x8000,0x8000,0x8000,0x8000,0x8000,
0x8000,0x8000,0x8000,0x8000,0x8000,0x8000,0x8000,0x8000,0x8000,0x8000,0x8000,0x8000,0x8000,0x8000,0x8000,0x8000,0x8000,0x8000,0x8000,0x8000,0x8000,
0x8000,0x8000,0x8000,0x8000,0x8000,0x8000,0x8000,0x8000,0x8000,0x8000,0x8000,0x8000,0x8000,0x8000,0x8000,0x8000,0x8000,0x8000,0x8000,0x8000,0x8000,
0x8000,0x8000,0x8000,0x8000,0x8000,0x8000,0x8000,0x8000,0x8000,0x8000,0x8000,0x8000,0x8000,0x8000,0x8000,0x8000,0x8000,0x8000,0x8000,0x8000,0x8000,
0x8000,0x8000,0x8000,0x8000,0x8000,0x8000,0x8000,0x8000,0x8000,0x8000,0x8000,0x8000,0x8000,0x8000,0x8000,0x8000,0x8000,0x8000,0x8000,0x8000,0x8000,
0x8000,0x8000,0x8000,0x8000,0x8000,0x8000,0x8000,0x8000,0x8000,0x8000,0x8000,0x8000,0x8000,0x8000,0x8000,0x8000,0x8000,0x8000,0x8000,0x8000,0x8000,
0x8000,0x8000,0x8000,0x8000,0x8000,0x8000,0x8000,0x8000,0x8000,0x8000,0x8000,0x8000,0x8000,0x8000,0x8000,0x8000,0x8000,0x8000,0x8000,0x8000,0x8000,
0x8000,0x8000,0x8000,0x8000,0x8000,0x8000,0x8000,0x8000,0x8000,0x8000,0x8000,0x8000,0x8000,0x8000,0x8000,0x8000,0x8000,0x8000,0x8000,0x8000,0x8000,
0x8000,0x8000,0x8000,0x8000,0x8000,0x8000,0x8000,0x8000,0x8000,0x8000,0x8000,0x8000,0x7FDD,0x7FDD,0x7FDD,0x8000,0x8000,0x8000,0x8000,0x8000,0x8000,
0x8000,0x8000,0x8000,0x8000,0x8000,0x8000,0x8000,0x8000,0x8000,0x8000,0x7FDD,0x7FDD,0x7FDD,0x175E,0x175E,0x4610,0x8000,0x8000,0x8000,0x8000,0x8000,
0x8000,0x8000,0x8000,0x8000,0x8000,0x8000,0x8000,0x8000,0x7FDD,0x7FDD,0x7FDD,0x175E,0x175E,0x4610,0x4610,0x356A,0x8000,0x8000,0x8000,0x8000,0x8000,
0x8000,0x8000,0x8000,0x8000,0x8000,0x8000,0x7FDD,0x7FDD,0x7FDD,0x175E,0x175E,0x4610,0x4610,0x356A,0x356A,0x8000,0x8000,0x8000,0x8000,0x8000,0x8000,
0x8000,0x8000,0x8000,0x8000,0x8000,0x5ED5,0x175E,0x175E,0x175E,0x4610,0x4610,0x356A,0x356A,0x8000,0x8000,0x8000,0x8000,0x8000,0x8000,0x8000,0x8000,
0x8000,0x8000,0x8000,0x8000,0x8000,0x49EE,0x5ED5,0x4610,0x4610,0x356A,0x356A,0x1463,0x1463,0x8000,0x8000,0x8000,0x8000,0x8000,0x8000,0x8000,0x8000,
0x8000,0x8000,0x8000,0x8000,0x8000,0x8000,0x49EE,0x356A,0x356A,0x1CA5,0x1463,0x1463,0x1463,0x8000,0x8000,0x8000,0x8000,0x8000,0x8000,0x8000,0x8000,
0x8000,0x8000,0x8000,0x8000,0x8000,0x8000,0x3D8C,0x3D8C,0x1CA5,0x1CA5,0x1463,0x1463,0x1463,0x3D8C,0x3D8C,0x8000,0x8000,0x8000,0x8000,0x8000,0x8000,
0x8000,0x8000,0x8000,0x8000,0x8000,0x8000,0x2D29,0x2D29,0x3D8C,0x3D8C,0x1463,0x3D8C,0x3D8C,0x20C6,0x20C6,0x8000,0x8000,0x8000,0x8000,0x8000,0x8000,
0x8000,0x8000,0x8000,0x8000,0x8000,0x8000,0x8000,0x8000,0x2D29,0x2D29,0x3D8C,0x20C6,0x20C6,0x8000,0x8000,0x8000,0x8000,0x8000,0x8000,0x8000,0x8000,
0x8000,0x8000,0x8000,0x8000,0x8000,0x8000,0x8000,0x8000,0x8000,0x8000,0x20C6,0x8000,0x8000,0x8000,0x8000,0x8000,0x8000,0x8000,0x8000,0x8000,0x8000,
0x8000,0x8000,0x8000,0x8000,0x8000,0x8000,0x8000,0x8000,0x8000,0x8000,0x8000,0x8000,0x8000,0x8000,0x8000,0x8000,0x8000,0x8000,0x8000,0x8000,0x8000,
0x8000,0x8000,0x8000,0x8000,0x8000,0x8000,0x8000,0x8000,0x8000,0x8000,0x8000,0x8000,0x8000,0x8000,0x8000,0x8000,0x8000,0x8000,0x8000,0x8000,0x8000,
0x8000,0x8000,0x8000,0x8000,0x8000,0x8000,0x8000,0x8000,0x8000,0x8000,0x8000,0x8000,0x8000,0x8000,0x8000,0x8000,0x8000,0x8000,0x8000,0x8000,0x8000},
{0x8000,0x8000,0x8000,0x8000,0x8000,0x8000,0x8000,0x8000,0x8000,0x8000,0x8000,0x8000,0x8000,0x8000,0x8000,0x8000,0x8000,0x8000,0x8000,0x8000,0x8000,
0x8000,0x8000,0x8000,0x8000,0x8000,0x8000,0x8000,0x8000,0x8000,0x8000,0x8000,0x8000,0x8000,0x8000,0x8000,0x8000,0x8000,0x8000,0x8000,0x8000,0x8000,
0x8000,0x8000,0x8000,0x8000,0x8000,0x8000,0x8000,0x8000,0x8000,0x8000,0x8000,0x8000,0x8000,0x8000,0x8000,0x8000,0x8000,0x8000,0x8000,0x8000,0x8000,
0x8000,0x8000,0x8000,0x8000,0x8000,0x8000,0x8000,0x8000,0x8000,0x8000,0x8000,0x8000,0x8000,0x8000,0x8000,0x8000,0x8000,0x8000,0x8000,0x8000,0x8000,
0x8000,0x8000,0x8000,0x8000,0x8000,0x8000,0x8000,0x8000,0x8000,0x8000,0x8000,0x8000,0x8000,0x8000,0x8000,0x8000,0x8000,0x8000,0x8000,0x8000,0x8000,
0x8000,0x8000,0x8000,0x8000,0x8000,0x8000,0x8000,0x8000,0x8000,0x8000,0x8000,0x8000,0x8000,0x8000,0x8000,0x8000,0x8000,0x8000,0x8000,0x8000,0x8000,
0x8000,0x8000,0x8000,0x8000,0x8000,0x8000,0x8000,0x8000,0x8000,0x8000,0x8000,0x8000,0x8000,0x8000,0x8000,0x8000,0x8000,0x8000,0x8000,0x8000,0x8000,
0x8000,0x8000,0x8000,0x8000,0x8000,0x8000,0x8000,0x8000,0x8000,0x8000,0x8000,0x8000,0x8000,0x8000,0x8000,0x8000,0x8000,0x8000,0x8000,0x8000,0x8000,
0x8000,0x8000,0x8000,0x8000,0x8000,0x8000,0x8000,0x8000,0x8000,0x8000,0x8000,0x8000,0x8000,0x8000,0x8000,0x8000,0x8000,0x8000,0x8000,0x8000,0x8000,
0x8000,0x8000,0x8000,0x8000,0x8000,0x8000,0x8000,0x8000,0x8000,0x8000,0x8000,0x8000,0x8000,0x8000,0x8000,0x8000,0x8000,0x8000,0x8000,0x8000,0x8000,
0x8000,0x8000,0x8000,0x8000,0x8000,0x8000,0x8000,0x8000,0x8000,0x8000,0x8000,0x8000,0x8000,0x8000,0x8000,0x8000,0x8000,0x8000,0x8000,0x8000,0x8000,
0x8000,0x8000,0x8000,0x8000,0x8000,0x8000,0x8000,0x8000,0x8000,0x8000,0x8000,0x8000,0x8000,0x8000,0x8000,0x8000,0x8000,0x8000,0x8000,0x8000,0x8000,
0x8000,0x8000,0x8000,0x8000,0x8000,0x8000,0x8000,0x8000,0x8000,0x8000,0x8000,0x8000,0x8000,0x8000,0x8000,0x8000,0x8000,0x8000,0x8000,0x8000,0x8000,
0x8000,0x8000,0x8000,0x8000,0x8000,0x8000,0x8000,0x8000,0x8000,0x8000,0x8000,0x8000,0x8000,0x8000,0x8000,0x8000,0x8000,0x8000,0x8000,0x8000,0x8000,
0x8000,0x8000,0x8000,0x8000,0x8000,0x8000,0x8000,0x8000,0x8000,0x8000,0x8000,0x8000,0x8000,0x8000,0x8000,0x8000,0x8000,0x8000,0x8000,0x8000,0x8000,
0x8000,0x8000,0x8000,0x8000,0x8000,0x8000,0x8000,0x8000,0x8000,0x8000,0x8000,0x8000,0x8000,0x8000,0x8000,0x8000,0x8000,0x8000,0x8000,0x8000,0x8000,
0x8000,0x8000,0x8000,0x8000,0x8000,0x8000,0x8000,0x8000,0x8000,0x8000,0x8000,0x8000,0x8000,0x8000,0x8000,0x8000,0x8000,0x8000,0x8000,0x8000,0x8000,
0x8000,0x8000,0x8000,0x8000,0x8000,0x8000,0x8000,0x8000,0x8000,0x8000,0x886,0x8000,0x8000,0x8000,0x8000,0x8000,0x8000,0x8000,0x8000,0x8000,0x8000,
0x8000,0x8000,0x8000,0x8000,0x8000,0x8000,0x8000,0x8000,0x886,0x886,0x1972,0x886,0x886,0x8000,0x8000,0x8000,0x8000,0x8000,0x8000,0x8000,0x8000,
0x8000,0x8000,0x8000,0x8000,0x8000,0x8000,0x886,0x886,0x1972,0x1972,0x2218,0x1972,0x1972,0x886,0x886,0x8000,0x8000,0x8000,0x8000,0x8000,0x8000,
0x8000,0x8000,0x8000,0x8000,0x886,0x886,0x1972,0x1972,0x2218,0x2218,0x2A9C,0x2218,0x2218,0x1972,0x1972,0x886,0x886,0x8000,0x8000,0x8000,0x8000,
0x8000,0x8000,0x886,0x886,0xCA8,0x1972,0x1972,0x2218,0x2218,0x2A9C,0x2A9C,0x2A9C,0x2218,0x2218,0x1972,0x1972,0xCA8,0x886,0x886,0x8000,0x8000,
0x8000,0x8000,0x444,0x444,0xCA8,0xCA8,0xCA8,0x1972,0x1972,0x2218,0x2218,0x2218,0x1972,0x1972,0xCA8,0xCA8,0xCA8,0x23,0x23,0x8000,0x8000,
0x8000,0x8000,0x8000,0x8000,0x444,0x444,0xCA8,0xCA8,0xCA8,0x1972,0x1972,0x1972,0xCA8,0xCA8,0xCA8,0x23,0x23,0x8000,0x8000,0x8000,0x8000,
0x8000,0x8000,0x8000,0x8000,0x8000,0x8000,0x444,0x444,0xCA8,0xCA8,0xCA8,0xCA8,0xCA8,0x23,0x23,0x8000,0x8000,0x8000,0x8000,0x8000,0x8000,
0x8000,0x8000,0x8000,0x8000,0x8000,0x8000,0x8000,0x8000,0x444,0x444,0xCA8,0x23,0x23,0x8000,0x8000,0x8000,0x8000,0x8000,0x8000,0x8000,0x8000,
0x8000,0x8000,0x8000,0x8000,0x8000,0x8000,0x8000,0x8000,0x8000,0x8000,0x23,0x8000,0x8000,0x8000,0x8000,0x8000,0x8000,0x8000,0x8000,0x8000,0x8000,
0x8000,0x8000,0x8000,0x8000,0x8000,0x8000,0x8000,0x8000,0x8000,0x8000,0x8000,0x8000,0x8000,0x8000,0x8000,0x8000,0x8000,0x8000,0x8000,0x8000,0x8000},
{0x8000,0x8000,0x8000,0x8000,0x8000,0x8000,0x8000,0x8000,0x8000,0x8000,0x8000,0x8000,0x8000,0x8000,0x8000,0x8000,0x8000,0x8000,0x8000,0x8000,0x8000,
0x8000,0x8000,0x8000,0x8000,0x8000,0x8000,0x8000,0x8000,0x8000,0x8000,0x8000,0x8000,0x8000,0x8000,0x8000,0x8000,0x8000,0x8000,0x8000,0x8000,0x8000,
0x8000,0x8000,0x8000,0x8000,0x8000,0x8000,0x8000,0x8000,0x8000,0x8000,0x8000,0x8000,0x8000,0x8000,0x8000,0x8000,0x8000,0x8000,0x8000,0x8000,0x8000,
0x8000,0x8000,0x8000,0x8000,0x8000,0x8000,0x8000,0x8000,0x8000,0x8000,0x8000,0x8000,0x8000,0x8000,0x8000,0x8000,0x8000,0x8000,0x8000,0x8000,0x8000,
0x8000,0x8000,0x8000,0x8000,0x8000,0x8000,0x8000,0x8000,0x8000,0x8000,0x8000,0x8000,0x8000,0x8000,0x8000,0x8000,0x8000,0x8000,0x8000,0x8000,0x8000,
0x8000,0x8000,0x8000,0x8000,0x8000,0x8000,0x8000,0x8000,0x8000,0x8000,0x8000,0x8000,0x8000,0x8000,0x8000,0x8000,0x8000,0x8000,0x8000,0x8000,0x8000,
0x8000,0x8000,0x8000,0x8000,0x8000,0x8000,0x8000,0x8000,0x8000,0x8000,0x8000,0x8000,0x8000,0x8000,0x8000,0x8000,0x8000,0x8000,0x8000,0x8000,0x8000,
0x8000,0x8000,0x8000,0x8000,0x8000,0x8000,0x8000,0x8000,0x8000,0x8000,0x8000,0x8000,0x8000,0x8000,0x8000,0x8000,0x8000,0x8000,0x8000,0x8000,0x8000,
0x8000,0x8000,0x8000,0x8000,0x8000,0x8000,0x8000,0x8000,0x8000,0x8000,0x8000,0x8000,0x8000,0x8000,0x8000,0x8000,0x8000,0x8000,0x8000,0x8000,0x8000,
0x8000,0x8000,0x8000,0x8000,0x8000,0x8000,0x8000,0x8000,0x8000,0x8000,0x8000,0x8000,0x8000,0x8000,0x8000,0x8000,0x8000,0x8000,0x8000,0x8000,0x8000,
0x8000,0x8000,0x8000,0x8000,0x8000,0x8000,0x8000,0x8000,0x8000,0x8000,0x8000,0x8000,0x8000,0x8000,0x8000,0x8000,0x8000,0x8000,0x8000,0x8000,0x8000,
0x8000,0x8000,0x8000,0x8000,0x8000,0x8000,0x8000,0x8000,0x8000,0x8000,0x8000,0x8000,0x8000,0x8000,0x8000,0x8000,0x8000,0x8000,0x8000,0x8000,0x8000,
0x8000,0x8000,0x8000,0x8000,0x8000,0x8000,0x8000,0x8000,0x8000,0x8000,0x8000,0x8000,0x8000,0x8000,0x8000,0x8000,0x8000,0x8000,0x8000,0x8000,0x8000,
0x8000,0x8000,0x8000,0x8000,0x8000,0x8000,0x8000,0x8000,0x8000,0x8000,0x8000,0x8000,0x8000,0x8000,0x8000,0x8000,0x8000,0x8000,0x8000,0x8000,0x8000,
0x8000,0x8000,0x8000,0x8000,0x8000,0x8000,0x8000,0x8000,0x8000,0x8000,0x8000,0x8000,0x8000,0x8000,0x8000,0x8000,0x8000,0x8000,0x8000,0x8000,0x8000,
0x8000,0x8000,0x8000,0x8000,0x8000,0x8000,0x8000,0x8000,0x8000,0x8000,0x8000,0x8000,0x8000,0x8000,0x8000,0x8000,0x8000,0x8000,0x8000,0x8000,0x8000,
0x8000,0x8000,0x8000,0x8000,0x8000,0x8000,0x8000,0x8000,0x8000,0x8000,0xD36,0xD36,0xD36,0x8000,0x8000,0x8000,0x8000,0x8000,0x8000,0x8000,0x8000,
0x8000,0x8000,0x8000,0x8000,0x8000,0x8000,0x8000,0x8000,0xD36,0xD36,0x24C6,0x24C6,0x24C6,0xD36,0xD36,0x8000,0x8000,0x8000,0x8000,0x8000,0x8000,
0x8000,0x8000,0x8000,0x8000,0x8000,0x8000,0xD36,0xD36,0x24C6,0x24C6,0x24C6,0x24C6,0x15BE,0x15BE,0x15BE,0x4AC,0x8000,0x8000,0x8000,0x8000,0x8000,
0x8000,0x8000,0x8000,0x8000,0x8000,0x8D0,0x15BE,0x15BE,0x15BE,0x24C6,0x15BE,0x15BE,0x15BE,0x8F0,0x4AC,0x8000,0x8000,0x8000,0x8000,0x8000,0x8000,
0x8000,0x8000,0x8000,0x8000,0x8000,0x8000,0x8D0,0x8D0,0x15BE,0x15BE,0x15BE,0x8F0,0x4AC,0x298C,0x298C,0x8000,0x8000,0x8000,0x8000,0x8000,0x8000,
0x8000,0x8000,0x8000,0x8000,0x8000,0x8000,0x8000,0x8000,0x8D0,0x4AC,0x8F0,0x298C,0x8000,0x8000,0x8000,0x8000,0x8000,0x8000,0x8000,0x8000,0x8000,
0x8000,0x8000,0x8000,0x8000,0x8000,0x8000,0x8000,0x8000,0x8000,0x8000,0x298C,0x8000,0x8000,0x8000,0x8000,0x8000,0x8000,0x8000,0x8000,0x8000,0x8000,
0x8000,0x8000,0x8000,0x8000,0x8000,0x8000,0x8000,0x8000,0x8000,0x8000,0x8000,0x8000,0x8000,0x8000,0x8000,0x8000,0x8000,0x8000,0x8000,0x8000,0x8000,
0x8000,0x8000,0x8000,0x8000,0x8000,0x8000,0x8000,0x8000,0x8000,0x8000,0x8000,0x8000,0x8000,0x8000,0x8000,0x8000,0x8000,0x8000,0x8000,0x8000,0x8000,
0x8000,0x8000,0x8000,0x8000,0x8000,0x8000,0x8000,0x8000,0x8000,0x8000,0x8000,0x8000,0x8000,0x8000,0x8000,0x8000,0x8000,0x8000,0x8000,0x8000,0x8000,
0x8000,0x8000,0x8000,0x8000,0x8000,0x8000,0x8000,0x8000,0x8000,0x8000,0x8000,0x8000,0x8000,0x8000,0x8000,0x8000,0x8000,0x8000,0x8000,0x8000,0x8000,
0x8000,0x8000,0x8000,0x8000,0x8000,0x8000,0x8000,0x8000,0x8000,0x8000,0x8000,0x8000,0x8000,0x8000,0x8000,0x8000,0x8000,0x8000,0x8000,0x8000,0x8000},
{0x8000,0x8000,0x8000,0x8000,0x8000,0x8000,0x8000,0x8000,0x8000,0x8000,0x8000,0x8000,0x8000,0x8000,0x8000,0x8000,0x8000,0x8000,0x8000,0x8000,0x8000,
0x8000,0x8000,0x8000,0x8000,0x8000,0x8000,0x8000,0x8000,0x8000,0x8000,0x8000,0x8000,0x8000,0x8000,0x8000,0x8000,0x8000,0x8000,0x8000,0x8000,0x8000,
0x8000,0x8000,0x8000,0x8000,0x8000,0x8000,0x8000,0x8000,0x8000,0x8000,0x8000,0x8000,0x8000,0x8000,0x8000,0x8000,0x8000,0x8000,0x8000,0x8000,0x8000,
0x8000,0x8000,0x8000,0x8000,0x8000,0x8000,0x8000,0x8000,0x8000,0x8000,0x8000,0x8000,0x8000,0x8000,0x8000,0x8000,0x8000,0x8000,0x8000,0x8000,0x8000,
0x8000,0x8000,0x8000,0x8000,0x8000,0x8000,0x8000,0x8000,0x8000,0x8000,0x8000,0x8000,0x8000,0x8000,0x8000,0x8000,0x8000,0x8000,0x8000,0x8000,0x8000,
0x8000,0x8000,0x8000,0x8000,0x8000,0x8000,0x8000,0x8000,0x8000,0x8000,0x8000,0x8000,0x8000,0x8000,0x8000,0x8000,0x8000,0x8000,0x8000,0x8000,0x8000,
0x8000,0x8000,0x8000,0x8000,0x8000,0x8000,0x8000,0x8000,0x8000,0x8000,0x8000,0x8000,0x8000,0x8000,0x8000,0x8000,0x8000,0x8000,0x8000,0x8000,0x8000,
0x8000,0x8000,0x8000,0x8000,0x8000,0x8000,0x8000,0x8000,0x8000,0x8000,0x8000,0x8000,0x8000,0x8000,0x8000,0x8000,0x8000,0x8000,0x8000,0x8000,0x8000,
0x8000,0x8000,0x8000,0x8000,0x8000,0x8000,0x8000,0x8000,0x8000,0x8000,0x8000,0x8000,0x8000,0x8000,0x8000,0x8000,0x8000,0x8000,0x8000,0x8000,0x8000,
0x8000,0x8000,0x8000,0x8000,0x8000,0x8000,0x8000,0x8000,0x8000,0x8000,0x8000,0x8000,0x8000,0x8000,0x8000,0x8000,0x8000,0x8000,0x8000,0x8000,0x8000,
0x8000,0x8000,0x8000,0x8000,0x8000,0x8000,0x8000,0x8000,0x8000,0x8000,0x110D,0x8000,0x8000,0x8000,0x8000,0x8000,0x8000,0x8000,0x8000,0x8000,0x8000,
0x8000,0x8000,0x8000,0x8000,0x8000,0x8000,0x8000,0x8000,0x8000,0x110D,0x19B4,0x110D,0x110D,0x8000,0x8000,0x8000,0x8000,0x8000,0x8000,0x8000,0x8000,
0x8000,0x8000,0x8000,0x8000,0x8000,0x8000,0x8000,0x8000,0x1970,0x2638,0x2638,0x1993,0x19B4,0x110D,0x110D,0x8000,0x8000,0x8000,0x8000,0x8000,0x8000,
0x8000,0x8000,0x8000,0x8000,0x8000,0x8000,0x8000,0x8000,0x1970,0x2617,0x2638,0x2638,0x2638,0x1993,0x19B4,0x110D,0x110D,0x8000,0x8000,0x8000,0x8000,
0x8000,0x8000,0x8000,0x8000,0x8000,0x8000,0x8000,0x196F,0x2638,0x2638,0x2638,0x2617,0x2638,0x2638,0x2638,0x1993,0x19B4,0x110D,0x110D,0x8000,0x8000,
0x8000,0x8000,0x8000,0x8000,0x8000,0x8000,0x110D,0x19B4,0x19B4,0x2617,0x2638,0x2638,0x2638,0x2617,0x2638,0x2638,0x2638,0x466,0x44,0x8000,0x8000,
0x8000,0x8000,0x8000,0x8000,0x8000,0x8000,0x1970,0x1993,0x19B4,0x19B4,0x19B4,0x2617,0x2638,0x2638,0x2638,0x2617,0x2638,0x466,0x44,0x8000,0x8000,
0x8000,0x8000,0x8000,0x8000,0x8000,0x196F,0x2638,0x2638,0x2638,0x1993,0x19B4,0x19B4,0x19B4,0x2617,0x2638,0x2638,0x2638,0x466,0x44,0x8000,0x8000,
0x8000,0x8000,0x8000,0x8000,0x1970,0x2638,0x2638,0x2617,0x2638,0x2638,0x2638,0x1993,0x19B4,0x19B4,0x19B4,0x466,0x466,0x466,0x44,0x8000,0x8000,
0x8000,0x8000,0x8000,0x8000,0x110D,0x2617,0x2638,0x2638,0x2638,0x2617,0x2638,0x2638,0x2638,0x1993,0x19B4,0x466,0x466,0x466,0x44,0x8000,0x8000,
0x8000,0x8000,0x8000,0x110D,0x19B4,0x19B4,0x19B4,0x2617,0x2638,0x2638,0x2638,0x2617,0x2638,0x2638,0x2638,0x466,0x466,0x466,0x44,0x8000,0x8000,
0x8000,0x8000,0x1970,0x2638,0x2638,0x1993,0x19B4,0x19B4,0x19B4,0x2617,0x2638,0x2638,0x2638,0x466,0x466,0x466,0x466,0x466,0x44,0x8000,0x8000,
0x8000,0x8000,0x196F,0x196F,0x2638,0x2638,0x2638,0x1993,0x19B4,0x19B4,0x19B4,0x2617,0x2638,0x466,0x466,0x466,0x466,0x44,0x44,0x8000,0x8000,
0x8000,0x8000,0x8000,0x8000,0x196F,0x196F,0x2638,0x2638,0x2638,0x1993,0x19B4,0x19B4,0x19B4,0x466,0x466,0x44,0x44,0x8000,0x8000,0x8000,0x8000,
0x8000,0x8000,0x8000,0x8000,0x8000,0x8000,0x196F,0x196F,0x2638,0x2638,0x2638,0x466,0x466,0x44,0x44,0x8000,0x8000,0x8000,0x8000,0x8000,0x8000,
0x8000,0x8000,0x8000,0x8000,0x8000,0x8000,0x8000,0x8000,0x196F,0x196F,0x2638,0x44,0x44,0x8000,0x8000,0x8000,0x8000,0x8000,0x8000,0x8000,0x8000,
0x8000,0x8000,0x8000,0x8000,0x8000,0x8000,0x8000,0x8000,0x8000,0x8000,0x44,0x8000,0x8000,0x8000,0x8000,0x8000,0x8000,0x8000,0x8000,0x8000,0x8000,
0x8000,0x8000,0x8000,0x8000,0x8000,0x8000,0x8000,0x8000,0x8000,0x8000,0x8000,0x8000,0x8000,0x8000,0x8000,0x8000,0x8000,0x8000,0x8000,0x8000,0x8000},
{0x8000,0x8000,0x8000,0x8000,0x8000,0x8000,0x8000,0x8000,0x8000,0x8000,0x8000,0x8000,0x8000,0x8000,0x8000,0x8000,0x8000,0x8000,0x8000,0x8000,0x8000,
0x8000,0x8000,0x8000,0x8000,0x8000,0x8000,0x8000,0x8000,0x8000,0x8000,0x8000,0x8000,0x8000,0x8000,0x8000,0x8000,0x8000,0x8000,0x8000,0x8000,0x8000,
0x8000,0x8000,0x8000,0x8000,0x8000,0x8000,0x8000,0x8000,0x8000,0x8000,0x8000,0x8000,0x8000,0x8000,0x8000,0x8000,0x8000,0x8000,0x8000,0x8000,0x8000,
0x8000,0x8000,0x8000,0x8000,0x8000,0x8000,0x8000,0x8000,0x8000,0x8000,0x8000,0x8000,0x8000,0x8000,0x8000,0x8000,0x8000,0x8000,0x8000,0x8000,0x8000,
0x8000,0x8000,0x8000,0x8000,0x8000,0x8000,0x8000,0x8000,0x8000,0x8000,0x8000,0x8000,0x8000,0x8000,0x8000,0x8000,0x8000,0x8000,0x8000,0x8000,0x8000,
0x8000,0x8000,0x8000,0x8000,0x8000,0x8000,0x8000,0x8000,0x8000,0x8000,0x8000,0x8000,0x8000,0x8000,0x8000,0x8000,0x8000,0x8000,0x8000,0x8000,0x8000,
0x8000,0x8000,0x8000,0x8000,0x8000,0x8000,0x8000,0x8000,0x8000,0x8000,0x8000,0x8000,0x8000,0x8000,0x8000,0x8000,0x8000,0x8000,0x8000,0x8000,0x8000,
0x8000,0x8000,0x8000,0x8000,0x8000,0x8000,0x8000,0x8000,0x8000,0x8000,0x8000,0x8000,0x8000,0x8000,0x8000,0x8000,0x8000,0x8000,0x8000,0x8000,0x8000,
0x8000,0x8000,0x8000,0x8000,0x8000,0x8000,0x8000,0x8000,0x8000,0x8000,0x8000,0x8000,0x8000,0x8000,0x8000,0x8000,0x8000,0x8000,0x8000,0x8000,0x8000,
0x8000,0x8000,0x8000,0x8000,0x8000,0x8000,0x8000,0x8000,0x8000,0x8000,0x8000,0x8000,0x8000,0x8000,0x8000,0x8000,0x8000,0x8000,0x8000,0x8000,0x8000,
0x8000,0x8000,0x8000,0x8000,0x8000,0x8000,0x8000,0x8000,0x8000,0x8000,0x110D,0x8000,0x8000,0x8000,0x8000,0x8000,0x8000,0x8000,0x8000,0x8000,0x8000,
0x8000,0x8000,0x8000,0x8000,0x8000,0x8000,0x8000,0x8000,0x110D,0x110D,0x19B4,0x8C9,0x8000,0x8000,0x8000,0x8000,0x8000,0x8000,0x8000,0x8000,0x8000,
0x8000,0x8000,0x8000,0x8000,0x8000,0x8000,0x110D,0x110D,0x19B4,0x112E,0x2638,0x2638,0x1970,0x8000,0x8000,0x8000,0x8000,0x8000,0x8000,0x8000,0x8000,
0x8000,0x8000,0x8000,0x8000,0x110D,0x110D,0x19B4,0x112E,0x2638,0x2638,0x2638,0x1991,0x1970,0x8000,0x8000,0x8000,0x8000,0x8000,0x8000,0x8000,0x8000,
0x8000,0x8000,0x110D,0x110D,0x19B4,0x112E,0x2638,0x2638,0x2638,0x1991,0x2638,0x2638,0x2638,0x110B,0x8000,0x8000,0x8000,0x8000,0x8000,0x8000,0x8000,
0x8000,0x8000,0x466,0x112E,0x2638,0x2638,0x2638,0x1991,0x2638,0x2638,0x2638,0x1991,0x19B4,0x19B4,0x110D,0x8000,0x8000,0x8000,0x8000,0x8000,0x8000,
0x8000,0x8000,0x466,0x8A9,0x2638,0x1991,0x2638,0x2638,0x2638,0x1991,0x19B4,0x19B4,0x19B4,0x112E,0x1970,0x8000,0x8000,0x8000,0x8000,0x8000,0x8000,
0x8000,0x8000,0x466,0x8A9,0x2638,0x2638,0x2638,0x1991,0x19B4,0x19B4,0x19B4,0x112E,0x2638,0x2638,0x2638,0x110B,0x8000,0x8000,0x8000,0x8000,0x8000,
0x8000,0x8000,0x466,0x8A9,0x8A9,0x1991,0x19B4,0x19B4,0x19B4,0x112E,0x2638,0x2638,0x2638,0x1991,0x2638,0x2638,0x1970,0x8000,0x8000,0x8000,0x8000,
0x8000,0x8000,0x466,0x8A9,0x8A9,0x8A9,0x19B4,0x112E,0x2638,0x2638,0x2638,0x1991,0x2638,0x2638,0x2638,0x1991,0x110D,0x8000,0x8000,0x8000,0x8000,
0x8000,0x8000,0x466,0x8A9,0x8A9,0x8A9,0x2638,0x2638,0x2638,0x1991,0x2638,0x2638,0x2638,0x1991,0x19B4,0x19B4,0x19B4,0x8C9,0x8000,0x8000,0x8000,
0x8000,0x8000,0x466,0x8A9,0x8A9,0x8A9,0x8A9,0x1991,0x2638,0x2638,0x2638,0x1991,0x19B4,0x19B4,0x19B4,0x112E,0x2638,0x2638,0x1970,0x8000,0x8000,
0x8000,0x8000,0x466,0x466,0x8A9,0x8A9,0x8A9,0x8A9,0x2638,0x1991,0x19B4,0x19B4,0x19B4,0x112E,0x2638,0x2638,0x2638,0x110B,0x110B,0x8000,0x8000,
0x8000,0x8000,0x8000,0x8000,0x466,0x466,0x8A9,0x8A9,0x19B4,0x19B4,0x19B4,0x112E,0x2638,0x2638,0x2638,0x110B,0x110B,0x8000,0x8000,0x8000,0x8000,
0x8000,0x8000,0x8000,0x8000,0x8000,0x8000,0x466,0x466,0x8A9,0x112E,0x2638,0x2638,0x2638,0x110B,0x110B,0x8000,0x8000,0x8000,0x8000,0x8000,0x8000,
0x8000,0x8000,0x8000,0x8000,0x8000,0x8000,0x8000,0x8000,0x466,0x466,0x2638,0x110B,0x110B,0x8000,0x8000,0x8000,0x8000,0x8000,0x8000,0x8000,0x8000,
0x8000,0x8000,0x8000,0x8000,0x8000,0x8000,0x8000,0x8000,0x8000,0x8000,0x110B,0x8000,0x8000,0x8000,0x8000,0x8000,0x8000,0x8000,0x8000,0x8000,0x8000,
0x8000,0x8000,0x8000,0x8000,0x8000,0x8000,0x8000,0x8000,0x8000,0x8000,0x8000,0x8000,0x8000,0x8000,0x8000,0x8000,0x8000,0x8000,0x8000,0x8000,0x8000},
{0x8000,0x8000,0x8000,0x8000,0x8000,0x8000,0x8000,0x8000,0x8000,0x8000,0x8000,0x8000,0x8000,0x8000,0x8000,0x8000,0x8000,0x8000,0x8000,0x8000,0x8000,
0x8000,0x8000,0x8000,0x8000,0x8000,0x8000,0x8000,0x8000,0x8000,0x8000,0x8000,0x8000,0x8000,0x8000,0x8000,0x8000,0x8000,0x8000,0x8000,0x8000,0x8000,
0x8000,0x8000,0x8000,0x8000,0x8000,0x8000,0x8000,0x8000,0x8000,0x8000,0x8000,0x8000,0x8000,0x8000,0x8000,0x8000,0x8000,0x8000,0x8000,0x8000,0x8000,
0x8000,0x8000,0x8000,0x8000,0x8000,0x8000,0x8000,0x8000,0x8000,0x8000,0x8000,0x8000,0x8000,0x8000,0x8000,0x8000,0x8000,0x8000,0x8000,0x8000,0x8000,
0x8000,0x8000,0x8000,0x8000,0x8000,0x8000,0x8000,0x8000,0x8000,0x8000,0x8000,0x8000,0x8000,0x8000,0x8000,0x8000,0x8000,0x8000,0x8000,0x8000,0x8000,
0x8000,0x8000,0x8000,0x8000,0x8000,0x8000,0x8000,0x8000,0x8000,0x8000,0x8000,0x8000,0x8000,0x8000,0x8000,0x8000,0x8000,0x8000,0x8000,0x8000,0x8000,
0x8000,0x8000,0x8000,0x8000,0x8000,0x8000,0x8000,0x8000,0x8000,0x8000,0x8000,0x8000,0x8000,0x8000,0x8000,0x8000,0x8000,0x8000,0x8000,0x8000,0x8000,
0x8000,0x8000,0x8000,0x8000,0x8000,0x8000,0x8000,0x8000,0x8000,0x8000,0x8000,0x8000,0x8000,0x8000,0x8000,0x8000,0x8000,0x8000,0x8000,0x8000,0x8000,
0x8000,0x8000,0x8000,0x8000,0x8000,0x8000,0x8000,0x8000,0x8000,0x8000,0x8000,0x8000,0x8000,0x8000,0x8000,0x8000,0x8000,0x8000,0x8000,0x8000,0x8000,
0x8000,0x8000,0x8000,0x8000,0x8000,0x8000,0x8000,0x8000,0x8000,0x8000,0x8000,0x8000,0x8000,0x8000,0x8000,0x8000,0x8000,0x8000,0x8000,0x8000,0x8000,
0x8000,0x8000,0x8000,0x8000,0x8000,0x8000,0x8000,0x8000,0x8000,0x8000,0x8000,0x8000,0x8000,0x8000,0x8000,0x8000,0x8000,0x8000,0x8000,0x8000,0x8000,
0x8000,0x8000,0x8000,0x8000,0x8000,0x8000,0x8000,0x8000,0x8000,0x8000,0x8000,0x8000,0x8000,0x8000,0x8000,0x8000,0x8000,0x8000,0x8000,0x8000,0x8000,
0x8000,0x8000,0x8000,0x8000,0x8000,0x8000,0x8000,0x8000,0x8000,0x8000,0x8000,0x8000,0x8000,0x8000,0x8000,0x8000,0x8000,0x8000,0x8000,0x8000,0x8000,
0x8000,0x8000,0x8000,0x8000,0x8000,0x8000,0x8000,0x8000,0x8000,0x8000,0x8000,0x8000,0x8000,0x8000,0x8000,0x8000,0x8000,0x8000,0x8000,0x8000,0x8000,
0x8000,0x8000,0x110D,0x110D,0x110D,0x8000,0x8000,0x8000,0x8000,0x8000,0x8000,0x8000,0x8000,0x8000,0x8000,0x8000,0x8000,0x8000,0x8000,0x8000,0x8000,
0x8000,0x8000,0x466,0x8A9,0x19B4,0x110D,0x110D,0x8000,0x8000,0x8000,0x8000,0x8000,0x8000,0x8000,0x8000,0x8000,0x8000,0x8000,0x8000,0x8000,0x8000,
0x8000,0x8000,0x466,0x8A9,0x8A9,0x8A9,0x19B4,0x110D,0x110D,0x8000,0x8000,0x8000,0x8000,0x8000,0x8000,0x8000,0x8000,0x8000,0x8000,0x8000,0x8000,
0x8000,0x8000,0x466,0x8A9,0x8A9,0x8A9,0x8A9,0x8A9,0x19B4,0x110D,0x110D,0x8000,0x8000,0x8000,0x8000,0x8000,0x8000,0x8000,0x8000,0x8000,0x8000,
0x8000,0x8000,0x466,0x8A9,0x8A9,0x8A9,0x8A9,0x8A9,0x8A9,0x8A9,0x19B4,0x44,0x1970,0x8000,0x8000,0x8000,0x8000,0x8000,0x8000,0x8000,0x8000,
0x8000,0x8000,0x466,0x8A9,0x8A9,0x8A9,0x8A9,0x8A9,0x8A9,0x8A9,0x466,0x466,0x466,0x44,0x110D,0x8000,0x8000,0x8000,0x8000,0x8000,0x8000,
0x8000,0x8000,0x466,0x8A9,0x8A9,0x8A9,0x8A9,0x8A9,0x8A9,0x8A9,0x466,0x466,0x466,0x466,0x466,0x44,0x1970,0x8000,0x8000,0x8000,0x8000,
0x8000,0x8000,0x466,0x8A9,0x8A9,0x8A9,0x8A9,0x8A9,0x8A9,0x8A9,0x466,0x466,0x466,0x466,0x466,0x466,0x466,0x44,0x1970,0x8000,0x8000,
0x8000,0x8000,0x466,0x466,0x8A9,0x8A9,0x8A9,0x8A9,0x8A9,0x8A9,0x466,0x466,0x466,0x466,0x466,0x466,0x466,0x44,0x44,0x8000,0x8000,
0x8000,0x8000,0x8000,0x8000,0x466,0x466,0x8A9,0x8A9,0x8A9,0x8A9,0x466,0x466,0x466,0x466,0x466,0x44,0x44,0x8000,0x8000,0x8000,0x8000,
0x8000,0x8000,0x8000,0x8000,0x8000,0x8000,0x466,0x466,0x8A9,0x8A9,0x466,0x466,0x466,0x44,0x44,0x8000,0x8000,0x8000,0x8000,0x8000,0x8000,
0x8000,0x8000,0x8000,0x8000,0x8000,0x8000,0x8000,0x8000,0x466,0x466,0x466,0x44,0x44,0x8000,0x8000,0x8000,0x8000,0x8000,0x8000,0x8000,0x8000,
0x8000,0x8000,0x8000,0x8000,0x8000,0x8000,0x8000,0x8000,0x8000,0x8000,0x44,0x8000,0x8000,0x8000,0x8000,0x8000,0x8000,0x8000,0x8000,0x8000,0x8000,
0x8000,0x8000,0x8000,0x8000,0x8000,0x8000,0x8000,0x8000,0x8000,0x8000,0x8000,0x8000,0x8000,0x8000,0x8000,0x8000,0x8000,0x8000,0x8000,0x8000,0x8000},
{0x8000,0x8000,0x8000,0x8000,0x8000,0x8000,0x8000,0x8000,0x8000,0x8000,0x8000,0x8000,0x8000,0x8000,0x8000,0x8000,0x8000,0x8000,0x8000,0x8000,0x8000,
0x8000,0x8000,0x8000,0x8000,0x8000,0x8000,0x8000,0x8000,0x8000,0x8000,0x8000,0x8000,0x8000,0x8000,0x8000,0x8000,0x8000,0x8000,0x8000,0x8000,0x8000,
0x8000,0x8000,0x8000,0x8000,0x8000,0x8000,0x8000,0x8000,0x8000,0x8000,0x8000,0x8000,0x8000,0x8000,0x8000,0x8000,0x8000,0x8000,0x8000,0x8000,0x8000,
0x8000,0x8000,0x8000,0x8000,0x8000,0x8000,0x8000,0x8000,0x8000,0x8000,0x8000,0x8000,0x8000,0x8000,0x8000,0x8000,0x8000,0x8000,0x8000,0x8000,0x8000,
0x8000,0x8000,0x8000,0x8000,0x8000,0x8000,0x8000,0x8000,0x8000,0x8000,0x8000,0x8000,0x8000,0x8000,0x8000,0x8000,0x8000,0x8000,0x8000,0x8000,0x8000,
0x8000,0x8000,0x8000,0x8000,0x8000,0x8000,0x8000,0x8000,0x8000,0x8000,0x8000,0x8000,0x8000,0x8000,0x8000,0x8000,0x8000,0x8000,0x8000,0x8000,0x8000,
0x8000,0x8000,0x8000,0x8000,0x8000,0x8000,0x8000,0x8000,0x8000,0x8000,0x8000,0x8000,0x8000,0x8000,0x8000,0x8000,0x8000,0x8000,0x8000,0x8000,0x8000,
0x8000,0x8000,0x8000,0x8000,0x8000,0x8000,0x8000,0x8000,0x8000,0x8000,0x8000,0x8000,0x8000,0x8000,0x8000,0x8000,0x8000,0x8000,0x8000,0x8000,0x8000,
0x8000,0x8000,0x8000,0x8000,0x8000,0x8000,0x8000,0x8000,0x8000,0x8000,0x8000,0x8000,0x8000,0x8000,0x8000,0x8000,0x8000,0x8000,0x8000,0x8000,0x8000,
0x8000,0x8000,0x8000,0x8000,0x8000,0x8000,0x8000,0x8000,0x8000,0x8000,0x8000,0x8000,0x8000,0x8000,0x8000,0x8000,0x8000,0x8000,0x8000,0x8000,0x8000,
0x8000,0x8000,0x8000,0x8000,0x8000,0x8000,0x8000,0x8000,0x8000,0x8000,0x8000,0x8000,0x8000,0x8000,0x8000,0x8000,0x8000,0x8000,0x8000,0x8000,0x8000,
0x8000,0x8000,0x8000,0x8000,0x8000,0x8000,0x8000,0x8000,0x8000,0x8000,0x8000,0x8000,0x8000,0x8000,0x8000,0x8000,0x8000,0x8000,0x8000,0x8000,0x8000,
0x8000,0x8000,0x8000,0x8000,0x8000,0x8000,0x8000,0x8000,0x8000,0x8000,0x8000,0x8000,0x8000,0x8000,0x8000,0x8000,0x8000,0x8000,0x8000,0x8000,0x8000,
0x8000,0x8000,0x8000,0x8000,0x8000,0x8000,0x8000,0x8000,0x8000,0x8000,0x8000,0x8000,0x8000,0x8000,0x8000,0x8000,0x8000,0x8000,0x8000,0x8000,0x8000,
0x8000,0x8000,0x8000,0x8000,0x8000,0x8000,0x8000,0x8000,0x8000,0x8000,0x8000,0x8000,0x8000,0x8000,0x8000,0x8000,0x110D,0x110D,0x110D,0x8000,0x8000,
0x8000,0x8000,0x8000,0x8000,0x8000,0x8000,0x8000,0x8000,0x8000,0x8000,0x8000,0x8000,0x8000,0x8000,0x110D,0x110D,0x19B4,0x466,0x44,0x8000,0x8000,
0x8000,0x8000,0x8000,0x8000,0x8000,0x8000,0x8000,0x8000,0x8000,0x8000,0x8000,0x8000,0x110D,0x110D,0x19B4,0x466,0x466,0x466,0x44,0x8000,0x8000,
0x8000,0x8000,0x8000,0x8000,0x8000,0x8000,0x8000,0x8000,0x8000,0x8000,0x110D,0x110D,0x19B4,0x466,0x466,0x466,0x466,0x466,0x44,0x8000,0x8000,
0x8000,0x8000,0x8000,0x8000,0x8000,0x8000,0x8000,0x8000,0x1970,0x466,0x19B4,0x466,0x466,0x466,0x466,0x466,0x466,0x466,0x44,0x8000,0x8000,
0x8000,0x8000,0x8000,0x8000,0x8000,0x8000,0x110D,0x466,0x8A9,0x8A9,0x466,0x466,0x466,0x466,0x466,0x466,0x466,0x466,0x44,0x8000,0x8000,
0x8000,0x8000,0x8000,0x8000,0x1970,0x466,0x8A9,0x8A9,0x8A9,0x8A9,0x466,0x466,0x466,0x466,0x466,0x466,0x466,0x466,0x44,0x8000,0x8000,
0x8000,0x8000,0x1970,0x466,0x8A9,0x8A9,0x8A9,0x8A9,0x8A9,0x8A9,0x466,0x466,0x466,0x466,0x466,0x466,0x466,0x466,0x44,0x8000,0x8000,
0x8000,0x8000,0x466,0x466,0x8A9,0x8A9,0x8A9,0x8A9,0x8A9,0x8A9,0x466,0x466,0x466,0x466,0x466,0x466,0x466,0x44,0x44,0x8000,0x8000,
0x8000,0x8000,0x8000,0x8000,0x466,0x466,0x8A9,0x8A9,0x8A9,0x8A9,0x466,0x466,0x466,0x466,0x466,0x44,0x44,0x8000,0x8000,0x8000,0x8000,
0x8000,0x8000,0x8000,0x8000,0x8000,0x8000,0x466,0x466,0x8A9,0x8A9,0x466,0x466,0x466,0x44,0x44,0x8000,0x8000,0x8000,0x8000,0x8000,0x8000,
0x8000,0x8000,0x8000,0x8000,0x8000,0x8000,0x8000,0x8000,0x466,0x466,0x466,0x44,0x44,0x8000,0x8000,0x8000,0x8000,0x8000,0x8000,0x8000,0x8000,
0x8000,0x8000,0x8000,0x8000,0x8000,0x8000,0x8000,0x8000,0x8000,0x8000,0x44,0x8000,0x8000,0x8000,0x8000,0x8000,0x8000,0x8000,0x8000,0x8000,0x8000,
0x8000,0x8000,0x8000,0x8000,0x8000,0x8000,0x8000,0x8000,0x8000,0x8000,0x8000,0x8000,0x8000,0x8000,0x8000,0x8000,0x8000,0x8000,0x8000,0x8000,0x8000},
{0x8000,0x8000,0x8000,0x8000,0x8000,0x8000,0x8000,0x8000,0x8000,0x8000,0x8000,0x8000,0x8000,0x8000,0x8000,0x8000,0x8000,0x8000,0x8000,0x8000,0x8000,
0x8000,0x8000,0x8000,0x8000,0x8000,0x8000,0x8000,0x8000,0x8000,0x8000,0x8000,0x8000,0x8000,0x8000,0x8000,0x8000,0x8000,0x8000,0x8000,0x8000,0x8000,
0x8000,0x8000,0x8000,0x8000,0x8000,0x8000,0x8000,0x8000,0x8000,0x8000,0x8000,0x8000,0x8000,0x8000,0x8000,0x8000,0x8000,0x8000,0x8000,0x8000,0x8000,
0x8000,0x8000,0x8000,0x8000,0x8000,0x8000,0x8000,0x8000,0x8000,0x8000,0x8000,0x8000,0x8000,0x8000,0x8000,0x8000,0x8000,0x8000,0x8000,0x8000,0x8000,
0x8000,0x8000,0x8000,0x8000,0x8000,0x8000,0x8000,0x8000,0x8000,0x8000,0x45EE,0x8000,0x8000,0x8000,0x8000,0x8000,0x8000,0x8000,0x8000,0x8000,0x8000,
0x8000,0x8000,0x8000,0x8000,0x8000,0x8000,0x8000,0x8000,0x8000,0x3DEF,0x66D5,0x45EE,0x45EE,0x8000,0x8000,0x8000,0x8000,0x8000,0x8000,0x8000,0x8000,
0x8000,0x8000,0x8000,0x8000,0x8000,0x8000,0x8000,0x8000,0x8000,0x3DCE,0x5EF7,0x5EF7,0x66D5,0x45EE,0x45EE,0x8000,0x8000,0x8000,0x8000,0x8000,0x8000,
0x8000,0x8000,0x8000,0x8000,0x8000,0x8000,0x8000,0x8000,0x8000,0x114E,0x5EB5,0x5EB5,0x5EF7,0x5EF7,0x66D5,0x45EE,0x45EE,0x8000,0x8000,0x8000,0x8000,
0x8000,0x8000,0x8000,0x8000,0x8000,0x8000,0x8000,0x8000,0x8000,0x114E,0x1DF5,0x1DF5,0x5EB5,0x5EB5,0x5EF7,0x5EF7,0x66D5,0x45EE,0x45EE,0x8000,0x8000,
0x8000,0x8000,0x8000,0x8000,0x8000,0x8000,0x8000,0x8000,0x154F,0x21F6,0x21F6,0x1DF5,0x1DF5,0x1DF5,0x5EB5,0x5EB5,0x5EF7,0x466,0x44,0x8000,0x8000,
0x8000,0x8000,0x8000,0x8000,0x8000,0x8000,0x8000,0x8000,0x114E,0x1DF5,0x21F6,0x21F6,0x21F6,0x1DF5,0x1DF5,0x1DF5,0x5EB5,0x466,0x44,0x8000,0x8000,
0x8000,0x8000,0x8000,0x8000,0x8000,0x8000,0x8000,0x8000,0x114E,0x1DF5,0x1DF5,0x1DF5,0x21F6,0x21F6,0x21F6,0x1DF5,0x1DF5,0x466,0x44,0x8000,0x8000,
0x8000,0x8000,0x8000,0x8000,0x8000,0x8000,0x8000,0x8000,0xCEB,0x1DF5,0x1DF5,0x1DF5,0x1DF5,0x1DF5,0x21F6,0x21F6,0x21F6,0x466,0x44,0x8000,0x8000,
0x8000,0x8000,0x8000,0x8000,0x8000,0x8000,0x8000,0x8CB,0x1571,0x1571,0x1571,0x1DF5,0x1DF5,0x1DF5,0x1DF5,0x1DF5,0x21F6,0x466,0x44,0x8000,0x8000,
0x8000,0x8000,0x8000,0x8000,0x8000,0x8000,0x8000,0x8CB,0x1150,0x1150,0x1571,0x1571,0x1571,0x1DF5,0x1DF5,0x1DF5,0x466,0x466,0x44,0x8000,0x8000,
0x8000,0x8000,0x8000,0x8000,0x8000,0x8000,0x154F,0x21F6,0x21F6,0x1150,0x1150,0x1150,0x1571,0x1571,0x1571,0x1DF5,0x466,0x466,0x44,0x8000,0x8000,
0x8000,0x8000,0x8000,0x8000,0x8000,0x8000,0x114E,0x1DF5,0x21F6,0x21F6,0x21F6,0x1150,0x1150,0x1150,0x1571,0x1571,0x1571,0x466,0x44,0x8000,0x8000,
0x8000,0x8000,0x8000,0x8000,0x8000,0x8000,0xCEB,0x1DF5,0x1DF5,0x1DF5,0x21F6,0x21F6,0x21F6,0x1150,0x1150,0x466,0x466,0x466,0x44,0x8000,0x8000,
0x8000,0x8000,0x8000,0x8000,0x8000,0x8CB,0x1571,0x1571,0x1571,0x1DF5,0x1DF5,0x1DF5,0x21F6,0x21F6,0x21F6,0x466,0x466,0x466,0x44,0x8000,0x8000,
0x8000,0x8000,0x8000,0x8000,0x154F,0x21F6,0x21F6,0x1150,0x1571,0x1571,0x1571,0x1DF5,0x1DF5,0x1DF5,0x21F6,0x466,0x466,0x466,0x44,0x8000,0x8000,
0x8000,0x8000,0x8000,0x8000,0xCEB,0x1DF5,0x21F6,0x21F6,0x21F6,0x1150,0x1571,0x1571,0x1571,0x1DF5,0x466,0x466,0x466,0x466,0x44,0x8000,0x8000,
0x8000,0x8000,0x154F,0x154F,0x21F6,0x1571,0x1571,0x1DF5,0x21F6,0x21F6,0x21F6,0x1150,0x1571,0x1571,0x1571,0x466,0x466,0x466,0x44,0x8000,0x8000,
0x8000,0x8000,0x114E,0x114E,0x21F6,0x21F6,0x21F6,0x1571,0x1571,0x1DF5,0x21F6,0x21F6,0x21F6,0x466,0x466,0x466,0x466,0x44,0x44,0x8000,0x8000,
0x8000,0x8000,0x8000,0x8000,0x114E,0x114E,0x21F6,0x21F6,0x21F6,0x1571,0x1571,0x1DF5,0x21F6,0x466,0x466,0x44,0x44,0x8000,0x8000,0x8000,0x8000,
0x8000,0x8000,0x8000,0x8000,0x8000,0x8000,0x114E,0x114E,0x21F6,0x21F6,0x21F6,0x1571,0x1571,0x44,0x44,0x8000,0x8000,0x8000,0x8000,0x8000,0x8000,
0x8000,0x8000,0x8000,0x8000,0x8000,0x8000,0x8000,0x8000,0x114E,0x114E,0x21F6,0x44,0x44,0x8000,0x8000,0x8000,0x8000,0x8000,0x8000,0x8000,0x8000,
0x8000,0x8000,0x8000,0x8000,0x8000,0x8000,0x8000,0x8000,0x8000,0x8000,0x44,0x8000,0x8000,0x8000,0x8000,0x8000,0x8000,0x8000,0x8000,0x8000,0x8000,
0x8000,0x8000,0x8000,0x8000,0x8000,0x8000,0x8000,0x8000,0x8000,0x8000,0x8000,0x8000,0x8000,0x8000,0x8000,0x8000,0x8000,0x8000,0x8000,0x8000,0x8000},
{0x8000,0x8000,0x8000,0x8000,0x8000,0x8000,0x8000,0x8000,0x8000,0x8000,0x8000,0x8000,0x8000,0x8000,0x8000,0x8000,0x8000,0x8000,0x8000,0x8000,0x8000,
0x8000,0x8000,0x8000,0x8000,0x8000,0x8000,0x8000,0x8000,0x8000,0x8000,0x8000,0x8000,0x8000,0x8000,0x8000,0x8000,0x8000,0x8000,0x8000,0x8000,0x8000,
0x8000,0x8000,0x8000,0x8000,0x8000,0x8000,0x8000,0x8000,0x8000,0x8000,0x8000,0x8000,0x8000,0x8000,0x8000,0x8000,0x8000,0x8000,0x8000,0x8000,0x8000,
0x8000,0x8000,0x8000,0x8000,0x8000,0x8000,0x8000,0x8000,0x8000,0x8000,0x8000,0x8000,0x8000,0x8000,0x8000,0x8000,0x8000,0x8000,0x8000,0x8000,0x8000,
0x8000,0x8000,0x8000,0x8000,0x8000,0x8000,0x8000,0x8000,0x8000,0x8000,0x45EE,0x8000,0x8000,0x8000,0x8000,0x8000,0x8000,0x8000,0x8000,0x8000,0x8000,
0x8000,0x8000,0x8000,0x8000,0x8000,0x8000,0x8000,0x8000,0x45EE,0x45EE,0x66D5,0x2D6B,0x8000,0x8000,0x8000,0x8000,0x8000,0x8000,0x8000,0x8000,0x8000,
0x8000,0x8000,0x8000,0x8000,0x8000,0x8000,0x45EE,0x45EE,0x66D5,0x4631,0x4631,0x2D6A,0x8000,0x8000,0x8000,0x8000,0x8000,0x8000,0x8000,0x8000,0x8000,
0x8000,0x8000,0x8000,0x8000,0x45EE,0x45EE,0x66D5,0x4631,0x4631,0x460F,0x460F,0xCEB,0x8000,0x8000,0x8000,0x8000,0x8000,0x8000,0x8000,0x8000,0x8000,
0x8000,0x8000,0x45EE,0x45EE,0x66D5,0x4631,0x4631,0x460F,0x460F,0x1570,0x1570,0xCEB,0x8000,0x8000,0x8000,0x8000,0x8000,0x8000,0x8000,0x8000,0x8000,
0x8000,0x8000,0x465,0x4631,0x4631,0x460F,0x460F,0x1570,0x1570,0x1570,0x21F6,0x21F6,0x154F,0x8000,0x8000,0x8000,0x8000,0x8000,0x8000,0x8000,0x8000,
0x8000,0x8000,0x465,0x460F,0x460F,0x1570,0x1570,0x1570,0x21F6,0x21F6,0x21F6,0x1570,0xCEB,0x8000,0x8000,0x8000,0x8000,0x8000,0x8000,0x8000,0x8000,
0x8000,0x8000,0x465,0x1570,0x1570,0x1570,0x21F6,0x21F6,0x21F6,0x1570,0x1570,0x1570,0xCEB,0x8000,0x8000,0x8000,0x8000,0x8000,0x8000,0x8000,0x8000,
0x8000,0x8000,0x465,0x1570,0x21F6,0x21F6,0x21F6,0x1570,0x1570,0x1570,0x1570,0x1570,0xCEB,0x8000,0x8000,0x8000,0x8000,0x8000,0x8000,0x8000,0x8000,
0x8000,0x8000,0x465,0x8A8,0x21F6,0x1570,0x1570,0x1570,0x1570,0x1570,0x1571,0x1571,0x1571,0x888,0x8000,0x8000,0x8000,0x8000,0x8000,0x8000,0x8000,
0x8000,0x8000,0x465,0x8A8,0x1570,0x1570,0x1570,0x1570,0x1571,0x1571,0x1571,0xCEC,0xCEC,0x888,0x8000,0x8000,0x8000,0x8000,0x8000,0x8000,0x8000,
0x8000,0x8000,0x465,0x8A8,0x1570,0x1570,0x1571,0x1571,0x1571,0xCEC,0xCEC,0xCEC,0x21F6,0x21F6,0x154F,0x8000,0x8000,0x8000,0x8000,0x8000,0x8000,
0x8000,0x8000,0x465,0x8A8,0x1571,0x1571,0x1571,0xCEC,0xCEC,0xCEC,0x21F6,0x21F6,0x21F6,0x1570,0xCEB,0x8000,0x8000,0x8000,0x8000,0x8000,0x8000,
0x8000,0x8000,0x465,0x8A8,0x8A8,0xCEC,0xCEC,0xCEC,0x21F6,0x21F6,0x21F6,0x1570,0x1570,0x1570,0xCEB,0x8000,0x8000,0x8000,0x8000,0x8000,0x8000,
0x8000,0x8000,0x465,0x8A8,0x8A8,0xCEC,0x21F6,0x21F6,0x21F6,0x1570,0x1570,0x1570,0x1571,0x1571,0x1571,0x888,0x8000,0x8000,0x8000,0x8000,0x8000,
0x8000,0x8000,0x465,0x8A8,0x8A8,0x8A8,0x21F6,0x1570,0x1570,0x1570,0x1571,0x1571,0x1571,0xCEC,0x21F6,0x21F6,0x154F,0x8000,0x8000,0x8000,0x8000,
0x8000,0x8000,0x465,0x8A8,0x8A8,0x8A8,0x1570,0x1570,0x1571,0x1571,0x1571,0xCEC,0x21F6,0x21F6,0x21F6,0x1570,0xCEB,0x8000,0x8000,0x8000,0x8000,
0x8000,0x8000,0x465,0x8A8,0x8A8,0x8A8,0x1571,0x1571,0x1571,0xCEC,0x21F6,0x21F6,0x21F6,0x1570,0x1571,0x1571,0x21F6,0x154F,0x154F,0x8000,0x8000,
0x8000,0x8000,0x465,0x465,0x8A8,0x8A8,0x8A8,0xCEC,0x21F6,0x21F6,0x21F6,0x1570,0x1571,0x1571,0x21F6,0x21F6,0x21F6,0xCEB,0xCEB,0x8000,0x8000,
0x8000,0x8000,0x8000,0x8000,0x465,0x465,0x8A8,0x8A8,0x21F6,0x1570,0x1571,0x1571,0x21F6,0x21F6,0x21F6,0xCEB,0xCEB,0x8000,0x8000,0x8000,0x8000,
0x8000,0x8000,0x8000,0x8000,0x8000,0x8000,0x465,0x465,0x1571,0x1571,0x21F6,0x21F6,0x21F6,0xCEB,0xCEB,0x8000,0x8000,0x8000,0x8000,0x8000,0x8000,
0x8000,0x8000,0x8000,0x8000,0x8000,0x8000,0x8000,0x8000,0x465,0x465,0x21F6,0xCEB,0xCEB,0x8000,0x8000,0x8000,0x8000,0x8000,0x8000,0x8000,0x8000,
0x8000,0x8000,0x8000,0x8000,0x8000,0x8000,0x8000,0x8000,0x8000,0x8000,0xCEB,0x8000,0x8000,0x8000,0x8000,0x8000,0x8000,0x8000,0x8000,0x8000,0x8000,
0x8000,0x8000,0x8000,0x8000,0x8000,0x8000,0x8000,0x8000,0x8000,0x8000,0x8000,0x8000,0x8000,0x8000,0x8000,0x8000,0x8000,0x8000,0x8000,0x8000,0x8000},
{0x8000,0x8000,0x8000,0x8000,0x8000,0x8000,0x8000,0x8000,0x8000,0x8000,0x8000,0x8000,0x8000,0x8000,0x8000,0x8000,0x8000,0x8000,0x8000,0x8000,0x8000,
0x8000,0x8000,0x8000,0x8000,0x8000,0x8000,0x8000,0x8000,0x8000,0x8000,0x8000,0x8000,0x8000,0x8000,0x8000,0x8000,0x8000,0x8000,0x8000,0x8000,0x8000,
0x8000,0x8000,0x8000,0x8000,0x8000,0x8000,0x8000,0x8000,0x8000,0x8000,0x8000,0x8000,0x8000,0x8000,0x8000,0x8000,0x8000,0x8000,0x8000,0x8000,0x8000,
0x8000,0x8000,0x8000,0x8000,0x8000,0x8000,0x8000,0x8000,0x8000,0x8000,0x8000,0x8000,0x8000,0x8000,0x8000,0x8000,0x8000,0x8000,0x8000,0x8000,0x8000,
0x8000,0x8000,0x8000,0x8000,0x8000,0x8000,0x8000,0x8000,0x8000,0x8000,0x8000,0x8000,0x8000,0x8000,0x8000,0x8000,0x8000,0x8000,0x8000,0x8000,0x8000,
0x8000,0x8000,0x8000,0x8000,0x8000,0x8000,0x8000,0x8000,0x8000,0x8000,0x8000,0x8000,0x8000,0x8000,0x8000,0x8000,0x8000,0x8000,0x8000,0x8000,0x8000,
0x8000,0x8000,0x8000,0x8000,0x8000,0x8000,0x8000,0x8000,0x8000,0x8000,0x8000,0x8000,0x8000,0x8000,0x8000,0x8000,0x8000,0x8000,0x8000,0x8000,0x8000,
0x8000,0x8000,0x8000,0x8000,0x8000,0x8000,0x8000,0x8000,0x8000,0x8000,0x8000,0x8000,0x8000,0x8000,0x8000,0x8000,0x8000,0x8000,0x8000,0x8000,0x8000,
0x8000,0x8000,0x45EE,0x45EE,0x45EE,0x8000,0x8000,0x8000,0x8000,0x8000,0x8000,0x8000,0x8000,0x8000,0x8000,0x8000,0x8000,0x8000,0x8000,0x8000,0x8000,
0x8000,0x8000,0x465,0x8A8,0x66D5,0x45EE,0x45EE,0x8000,0x8000,0x8000,0x8000,0x8000,0x8000,0x8000,0x8000,0x8000,0x8000,0x8000,0x8000,0x8000,0x8000,
0x8000,0x8000,0x465,0x8A8,0x8A8,0x8A8,0x66D5,0x45EE,0x45EE,0x8000,0x8000,0x8000,0x8000,0x8000,0x8000,0x8000,0x8000,0x8000,0x8000,0x8000,0x8000,
0x8000,0x8000,0x465,0x8A8,0x8A8,0x8A8,0x8A8,0x8A8,0x66D5,0x45EE,0x45EE,0x8000,0x8000,0x8000,0x8000,0x8000,0x8000,0x8000,0x8000,0x8000,0x8000,
0x8000,0x8000,0x465,0x8A8,0x8A8,0x8A8,0x8A8,0x8A8,0x8A8,0x8A8,0x66D5,0x44,0x8000,0x8000,0x8000,0x8000,0x8000,0x8000,0x8000,0x8000,0x8000,
0x8000,0x8000,0x465,0x8A8,0x8A8,0x8A8,0x8A8,0x8A8,0x8A8,0x8A8,0x466,0x44,0x8000,0x8000,0x8000,0x8000,0x8000,0x8000,0x8000,0x8000,0x8000,
0x8000,0x8000,0x465,0x8A8,0x8A8,0x8A8,0x8A8,0x8A8,0x8A8,0x8A8,0x466,0x44,0x8000,0x8000,0x8000,0x8000,0x8000,0x8000,0x8000,0x8000,0x8000,
0x8000,0x8000,0x465,0x8A8,0x8A8,0x8A8,0x8A8,0x8A8,0x8A8,0x8A8,0x466,0x466,0x154F,0x8000,0x8000,0x8000,0x8000,0x8000,0x8000,0x8000,0x8000,
0x8000,0x8000,0x465,0x8A8,0x8A8,0x8A8,0x8A8,0x8A8,0x8A8,0x8A8,0x466,0x466,0x44,0x8000,0x8000,0x8000,0x8000,0x8000,0x8000,0x8000,0x8000,
0x8000,0x8000,0x465,0x8A8,0x8A8,0x8A8,0x8A8,0x8A8,0x8A8,0x8A8,0x466,0x466,0x44,0x8000,0x8000,0x8000,0x8000,0x8000,0x8000,0x8000,0x8000,
0x8000,0x8000,0x465,0x8A8,0x8A8,0x8A8,0x8A8,0x8A8,0x8A8,0x8A8,0x466,0x466,0x466,0x44,0x8000,0x8000,0x8000,0x8000,0x8000,0x8000,0x8000,
0x8000,0x8000,0x465,0x8A8,0x8A8,0x8A8,0x8A8,0x8A8,0x8A8,0x8A8,0x466,0x466,0x466,0x466,0x154F,0x8000,0x8000,0x8000,0x8000,0x8000,0x8000,
0x8000,0x8000,0x465,0x8A8,0x8A8,0x8A8,0x8A8,0x8A8,0x8A8,0x8A8,0x466,0x466,0x466,0x466,0x466,0x154F,0x154F,0x8000,0x8000,0x8000,0x8000,
0x8000,0x8000,0x465,0x8A8,0x8A8,0x8A8,0x8A8,0x8A8,0x8A8,0x8A8,0x466,0x466,0x466,0x466,0x466,0x466,0x21F6,0x154F,0x154F,0x8000,0x8000,
0x8000,0x8000,0x465,0x465,0x8A8,0x8A8,0x8A8,0x8A8,0x8A8,0x8A8,0x466,0x466,0x466,0x466,0x466,0x466,0x466,0x44,0x44,0x8000,0x8000,
0x8000,0x8000,0x8000,0x8000,0x465,0x465,0x8A8,0x8A8,0x8A8,0x8A8,0x466,0x466,0x466,0x466,0x466,0x44,0x44,0x8000,0x8000,0x8000,0x8000,
0x8000,0x8000,0x8000,0x8000,0x8000,0x8000,0x465,0x465,0x8A8,0x8A8,0x466,0x466,0x466,0x44,0x44,0x8000,0x8000,0x8000,0x8000,0x8000,0x8000,
0x8000,0x8000,0x8000,0x8000,0x8000,0x8000,0x8000,0x8000,0x465,0x465,0x466,0x44,0x44,0x8000,0x8000,0x8000,0x8000,0x8000,0x8000,0x8000,0x8000,
0x8000,0x8000,0x8000,0x8000,0x8000,0x8000,0x8000,0x8000,0x8000,0x8000,0x44,0x8000,0x8000,0x8000,0x8000,0x8000,0x8000,0x8000,0x8000,0x8000,0x8000,
0x8000,0x8000,0x8000,0x8000,0x8000,0x8000,0x8000,0x8000,0x8000,0x8000,0x8000,0x8000,0x8000,0x8000,0x8000,0x8000,0x8000,0x8000,0x8000,0x8000,0x8000},
{0x8000,0x8000,0x8000,0x8000,0x8000,0x8000,0x8000,0x8000,0x8000,0x8000,0x8000,0x8000,0x8000,0x8000,0x8000,0x8000,0x8000,0x8000,0x8000,0x8000,0x8000,
0x8000,0x8000,0x8000,0x8000,0x8000,0x8000,0x8000,0x8000,0x8000,0x8000,0x8000,0x8000,0x8000,0x8000,0x8000,0x8000,0x8000,0x8000,0x8000,0x8000,0x8000,
0x8000,0x8000,0x8000,0x8000,0x8000,0x8000,0x8000,0x8000,0x8000,0x8000,0x8000,0x8000,0x8000,0x8000,0x8000,0x8000,0x8000,0x8000,0x8000,0x8000,0x8000,
0x8000,0x8000,0x8000,0x8000,0x8000,0x8000,0x8000,0x8000,0x8000,0x8000,0x8000,0x8000,0x8000,0x8000,0x8000,0x8000,0x8000,0x8000,0x8000,0x8000,0x8000,
0x8000,0x8000,0x8000,0x8000,0x8000,0x8000,0x8000,0x8000,0x8000,0x8000,0x8000,0x8000,0x8000,0x8000,0x8000,0x8000,0x8000,0x8000,0x8000,0x8000,0x8000,
0x8000,0x8000,0x8000,0x8000,0x8000,0x8000,0x8000,0x8000,0x8000,0x8000,0x8000,0x8000,0x8000,0x8000,0x8000,0x8000,0x8000,0x8000,0x8000,0x8000,0x8000,
0x8000,0x8000,0x8000,0x8000,0x8000,0x8000,0x8000,0x8000,0x8000,0x8000,0x8000,0x8000,0x8000,0x8000,0x8000,0x8000,0x8000,0x8000,0x8000,0x8000,0x8000,
0x8000,0x8000,0x8000,0x8000,0x8000,0x8000,0x8000,0x8000,0x8000,0x8000,0x8000,0x8000,0x8000,0x8000,0x8000,0x8000,0x8000,0x8000,0x8000,0x8000,0x8000,
0x8000,0x8000,0x8000,0x8000,0x8000,0x8000,0x8000,0x8000,0x8000,0x8000,0x8000,0x8000,0x8000,0x8000,0x8000,0x8000,0x45EE,0x45EE,0x45EE,0x8000,0x8000,
0x8000,0x8000,0x8000,0x8000,0x8000,0x8000,0x8000,0x8000,0x8000,0x8000,0x8000,0x8000,0x8000,0x8000,0x45EE,0x45EE,0x66D5,0x466,0x44,0x8000,0x8000,
0x8000,0x8000,0x8000,0x8000,0x8000,0x8000,0x8000,0x8000,0x8000,0x8000,0x8000,0x8000,0x45EE,0x45EE,0x66D5,0x466,0x466,0x466,0x44,0x8000,0x8000,
0x8000,0x8000,0x8000,0x8000,0x8000,0x8000,0x8000,0x8000,0x8000,0x8000,0x45EE,0x45EE,0x66D5,0x466,0x466,0x466,0x466,0x466,0x44,0x8000,0x8000,
0x8000,0x8000,0x8000,0x8000,0x8000,0x8000,0x8000,0x8000,0x8000,0x465,0x66D5,0x466,0x466,0x466,0x466,0x466,0x466,0x466,0x44,0x8000,0x8000,
0x8000,0x8000,0x8000,0x8000,0x8000,0x8000,0x8000,0x8000,0x8000,0x465,0x466,0x466,0x466,0x466,0x466,0x466,0x466,0x466,0x44,0x8000,0x8000,
0x8000,0x8000,0x8000,0x8000,0x8000,0x8000,0x8000,0x8000,0x8000,0x465,0x466,0x466,0x466,0x466,0x466,0x466,0x466,0x466,0x44,0x8000,0x8000,
0x8000,0x8000,0x8000,0x8000,0x8000,0x8000,0x8000,0x8000,0x154F,0x8A8,0x466,0x466,0x466,0x466,0x466,0x466,0x466,0x466,0x44,0x8000,0x8000,
0x8000,0x8000,0x8000,0x8000,0x8000,0x8000,0x8000,0x8000,0x465,0x8A8,0x466,0x466,0x466,0x466,0x466,0x466,0x466,0x466,0x44,0x8000,0x8000,
0x8000,0x8000,0x8000,0x8000,0x8000,0x8000,0x8000,0x8000,0x465,0x8A8,0x466,0x466,0x466,0x466,0x466,0x466,0x466,0x466,0x44,0x8000,0x8000,
0x8000,0x8000,0x8000,0x8000,0x8000,0x8000,0x8000,0x465,0x8A8,0x8A8,0x466,0x466,0x466,0x466,0x466,0x466,0x466,0x466,0x44,0x8000,0x8000,
0x8000,0x8000,0x8000,0x8000,0x8000,0x8000,0x154F,0x8A8,0x8A8,0x8A8,0x466,0x466,0x466,0x466,0x466,0x466,0x466,0x466,0x44,0x8000,0x8000,
0x8000,0x8000,0x8000,0x8000,0x154F,0x154F,0x8A8,0x8A8,0x8A8,0x8A8,0x466,0x466,0x466,0x466,0x466,0x466,0x466,0x466,0x44,0x8000,0x8000,
0x8000,0x8000,0x154F,0x154F,0x21F6,0x8A8,0x8A8,0x8A8,0x8A8,0x8A8,0x466,0x466,0x466,0x466,0x466,0x466,0x466,0x466,0x44,0x8000,0x8000,
0x8000,0x8000,0x465,0x465,0x8A8,0x8A8,0x8A8,0x8A8,0x8A8,0x8A8,0x466,0x466,0x466,0x466,0x466,0x466,0x466,0x44,0x44,0x8000,0x8000,
0x8000,0x8000,0x8000,0x8000,0x465,0x465,0x8A8,0x8A8,0x8A8,0x8A8,0x466,0x466,0x466,0x466,0x466,0x44,0x44,0x8000,0x8000,0x8000,0x8000,
0x8000,0x8000,0x8000,0x8000,0x8000,0x8000,0x465,0x465,0x8A8,0x8A8,0x466,0x466,0x466,0x44,0x44,0x8000,0x8000,0x8000,0x8000,0x8000,0x8000,
0x8000,0x8000,0x8000,0x8000,0x8000,0x8000,0x8000,0x8000,0x465,0x465,0x466,0x44,0x44,0x8000,0x8000,0x8000,0x8000,0x8000,0x8000,0x8000,0x8000,
0x8000,0x8000,0x8000,0x8000,0x8000,0x8000,0x8000,0x8000,0x8000,0x8000,0x44,0x8000,0x8000,0x8000,0x8000,0x8000,0x8000,0x8000,0x8000,0x8000,0x8000,
0x8000,0x8000,0x8000,0x8000,0x8000,0x8000,0x8000,0x8000,0x8000,0x8000,0x8000,0x8000,0x8000,0x8000,0x8000,0x8000,0x8000,0x8000,0x8000,0x8000,0x8000},
{0x8000,0x8000,0x8000,0x8000,0x8000,0x8000,0x8000,0x8000,0x8000,0x8000,0x8000,0x8000,0x8000,0x8000,0x8000,0x8000,0x8000,0x8000,0x8000,0x8000,0x8000,
0x8000,0x8000,0x8000,0x8000,0x8000,0x8000,0x8000,0x8000,0x8000,0x8000,0x8000,0x8000,0x8000,0x8000,0x8000,0x8000,0x8000,0x8000,0x8000,0x8000,0x8000,
0x8000,0x8000,0x8000,0x8000,0x8000,0x8000,0x8000,0x8000,0x8000,0x8000,0x8000,0x8000,0x8000,0x8000,0x8000,0x8000,0x8000,0x8000,0x8000,0x8000,0x8000,
0x8000,0x8000,0x8000,0x8000,0x8000,0x8000,0x8000,0x8000,0x8000,0x8000,0x8000,0x8000,0x8000,0x8000,0x8000,0x8000,0x8000,0x8000,0x8000,0x8000,0x8000,
0x8000,0x8000,0x8000,0x8000,0x8000,0x8000,0x8000,0x8000,0x8000,0x8000,0x8000,0x8000,0x8000,0x8000,0x8000,0x8000,0x8000,0x8000,0x8000,0x8000,0x8000,
0x8000,0x8000,0x8000,0x8000,0x8000,0x8000,0x8000,0x8000,0x8000,0x8000,0x8000,0x8000,0x8000,0x8000,0x8000,0x8000,0x8000,0x8000,0x8000,0x8000,0x8000,
0x8000,0x8000,0x8000,0x8000,0x8000,0x8000,0x8000,0x8000,0x8000,0x8000,0x8000,0x8000,0x8000,0x8000,0x8000,0x8000,0x8000,0x8000,0x8000,0x8000,0x8000,
0x8000,0x8000,0x8000,0x8000,0x8000,0x8000,0x8000,0x8000,0x8000,0x8000,0x8000,0x8000,0x8000,0x8000,0x8000,0x8000,0x8000,0x8000,0x8000,0x8000,0x8000,
0x8000,0x8000,0x8000,0x8000,0x8000,0x8000,0x8000,0x8000,0x8000,0x8000,0x8000,0x8000,0x8000,0x8000,0x8000,0x8000,0x8000,0x8000,0x8000,0x8000,0x8000,
0x8000,0x8000,0x8000,0x8000,0x8000,0x8000,0x8000,0x8000,0x8000,0x8000,0x8000,0x8000,0x8000,0x8000,0x8000,0x8000,0x8000,0x8000,0x8000,0x8000,0x8000,
0x8000,0x8000,0x8000,0x8000,0x8000,0x8000,0x8000,0x8000,0x8000,0x8000,0x8000,0x8000,0x8000,0x8000,0x8000,0x8000,0x8000,0x8000,0x8000,0x8000,0x8000,
0x8000,0x8000,0x8000,0x8000,0x8000,0x8000,0x8000,0x8000,0x8000,0x8000,0x8000,0x8000,0x8000,0x8000,0x8000,0x8000,0x8000,0x8000,0x8000,0x8000,0x8000,
0x8000,0x8000,0x8000,0x8000,0x8000,0x8000,0x8000,0x8000,0x8000,0x8000,0x5AB4,0x8000,0x8000,0x8000,0x8000,0x8000,0x8000,0x8000,0x8000,0x8000,0x8000,
0x8000,0x8000,0x8000,0x8000,0x8000,0x8000,0x8000,0x8000,0x358C,0x358C,0x4A10,0x5AB4,0x5AB4,0x8000,0x8000,0x8000,0x8000,0x8000,0x8000,0x8000,0x8000,
0x8000,0x8000,0x8000,0x8000,0x8000,0x8000,0x358C,0x358C,0x4A10,0x4A10,0x398C,0x4A10,0x4A10,0x5AB4,0x5AB4,0x8000,0x8000,0x8000,0x8000,0x8000,0x8000,
0x8000,0x8000,0x8000,0x8000,0x358C,0x358C,0x4A10,0x398C,0x4A10,0x4A10,0x4A10,0x4A10,0x4A10,0x4A10,0x4A10,0x5AB4,0x5AB4,0x8000,0x8000,0x8000,0x8000,
0x8000,0x8000,0x5AB4,0x5AB4,0x7B9B,0x4A10,0x4A10,0x4A10,0x4A10,0x4A10,0x4A10,0x4A10,0x4A10,0x4A10,0x4A10,0x4A10,0x4A10,0x5AB4,0x5AB4,0x8000,0x8000,
0x8000,0x8000,0x358B,0x4A0F,0x7B9B,0x7B9B,0x7B9B,0x398C,0x4A10,0x4A10,0x4A10,0x4A10,0x4A10,0x398C,0x4A10,0x4A10,0x4A10,0x398B,0x2928,0x8000,0x8000,
0x8000,0x8000,0x2529,0x358C,0x4A0F,0x4A0F,0x7B9B,0x7B9B,0x7B9B,0x4A10,0x4A10,0x4A10,0x4A10,0x4A10,0x4A10,0x398B,0x398B,0x2929,0x1CC6,0x8000,0x8000,
0x8000,0x8000,0x2529,0x358C,0x358C,0x358C,0x4A0F,0x4A0F,0x7B9B,0x7B9B,0x7B9B,0x4A10,0x4A10,0x398B,0x398B,0x2929,0x2929,0x2929,0x1CC6,0x8000,0x8000,
0x8000,0x8000,0x2529,0x358C,0x358C,0x2929,0x358C,0x358C,0x4A0F,0x4A0F,0x7B9B,0x398B,0x398B,0x2929,0x2929,0x2929,0x2929,0x2929,0x1CC6,0x8000,0x8000,
0x8000,0x8000,0x2529,0x2929,0x358C,0x358C,0x358C,0x358C,0x358C,0x358C,0x398B,0x2929,0x2929,0x1CC6,0x2929,0x2929,0x2929,0x2929,0x1CC6,0x8000,0x8000,
0x8000,0x8000,0x2529,0x2529,0x358C,0x358C,0x358C,0x358C,0x358C,0x358C,0x2929,0x2929,0x2929,0x2929,0x2929,0x2929,0x2929,0x1CC6,0x1CC6,0x8000,0x8000,
0x8000,0x8000,0x8000,0x8000,0x2529,0x2529,0x358C,0x358C,0x358C,0x358C,0x2929,0x2929,0x2929,0x2929,0x2929,0x1CC6,0x1CC6,0x8000,0x8000,0x8000,0x8000,
0x8000,0x8000,0x8000,0x8000,0x8000,0x8000,0x2529,0x2529,0x358C,0x358C,0x2929,0x1CC6,0x2929,0x1CC6,0x1CC6,0x8000,0x8000,0x8000,0x8000,0x8000,0x8000,
0x8000,0x8000,0x8000,0x8000,0x8000,0x8000,0x8000,0x8000,0x2529,0x2529,0x2929,0x1CC6,0x1CC6,0x8000,0x8000,0x8000,0x8000,0x8000,0x8000,0x8000,0x8000,
0x8000,0x8000,0x8000,0x8000,0x8000,0x8000,0x8000,0x8000,0x8000,0x8000,0x1CC6,0x8000,0x8000,0x8000,0x8000,0x8000,0x8000,0x8000,0x8000,0x8000,0x8000,
0x8000,0x8000,0x8000,0x8000,0x8000,0x8000,0x8000,0x8000,0x8000,0x8000,0x8000,0x8000,0x8000,0x8000,0x8000,0x8000,0x8000,0x8000,0x8000,0x8000,0x8000},
{0x8000,0x8000,0x8000,0x8000,0x8000,0x8000,0x8000,0x8000,0x8000,0x8000,0x8000,0x8000,0x8000,0x8000,0x8000,0x8000,0x8000,0x8000,0x8000,0x8000,0x8000,
0x8000,0x8000,0x8000,0x8000,0x8000,0x8000,0x8000,0x8000,0x8000,0x8000,0x8000,0x8000,0x8000,0x8000,0x8000,0x8000,0x8000,0x8000,0x8000,0x8000,0x8000,
0x8000,0x8000,0x8000,0x8000,0x8000,0x8000,0x8000,0x8000,0x8000,0x8000,0x8000,0x8000,0x8000,0x8000,0x8000,0x8000,0x8000,0x8000,0x8000,0x8000,0x8000,
0x8000,0x8000,0x8000,0x8000,0x8000,0x8000,0x8000,0x8000,0x8000,0x8000,0x8000,0x8000,0x8000,0x8000,0x8000,0x8000,0x8000,0x8000,0x8000,0x8000,0x8000,
0x8000,0x8000,0x8000,0x8000,0x8000,0x8000,0x8000,0x8000,0x8000,0x8000,0x8000,0x8000,0x8000,0x8000,0x8000,0x8000,0x8000,0x8000,0x8000,0x8000,0x8000,
0x8000,0x8000,0x8000,0x8000,0x8000,0x8000,0x8000,0x8000,0x8000,0x8000,0x8000,0x8000,0x8000,0x8000,0x8000,0x8000,0x8000,0x8000,0x8000,0x8000,0x8000,
0x8000,0x8000,0x8000,0x8000,0x8000,0x8000,0x8000,0x8000,0x8000,0x8000,0x8000,0x8000,0x8000,0x8000,0x8000,0x8000,0x8000,0x8000,0x8000,0x8000,0x8000,
0x8000,0x8000,0x8000,0x8000,0x8000,0x8000,0x8000,0x8000,0x8000,0x8000,0x8000,0x8000,0x8000,0x8000,0x8000,0x8000,0x8000,0x8000,0x8000,0x8000,0x8000,
0x8000,0x8000,0x8000,0x8000,0x8000,0x8000,0x8000,0x8000,0x8000,0x8000,0x8000,0x8000,0x8000,0x8000,0x8000,0x8000,0x8000,0x8000,0x8000,0x8000,0x8000,
0x8000,0x8000,0x8000,0x8000,0x8000,0x8000,0x8000,0x8000,0x8000,0x8000,0x8000,0x8000,0x8000,0x8000,0x8000,0x8000,0x8000,0x8000,0x8000,0x8000,0x8000,
0x8000,0x8000,0x8000,0x8000,0x8000,0x8000,0x8000,0x8000,0x8000,0x8000,0x8000,0x8000,0x8000,0x8000,0x8000,0x8000,0x8000,0x8000,0x8000,0x8000,0x8000,
0x8000,0x8000,0x8000,0x8000,0x8000,0x8000,0x8000,0x8000,0x8000,0x8000,0x8000,0x8000,0x8000,0x8000,0x8000,0x8000,0x8000,0x8000,0x8000,0x8000,0x8000,
0x8000,0x8000,0x8000,0x8000,0x8000,0x8000,0x8000,0x8000,0x8000,0x8000,0x5AB4,0x8000,0x8000,0x8000,0x8000,0x8000,0x8000,0x8000,0x8000,0x8000,0x8000,
0x8000,0x8000,0x8000,0x8000,0x8000,0x8000,0x8000,0x8000,0x5AB4,0x5AB4,0x4A10,0x358C,0x358C,0x8000,0x8000,0x8000,0x8000,0x8000,0x8000,0x8000,0x8000,
0x8000,0x8000,0x8000,0x8000,0x8000,0x8000,0x5AB4,0x5AB4,0x398C,0x4A10,0x4A10,0x4A10,0x398C,0x358C,0x358C,0x8000,0x8000,0x8000,0x8000,0x8000,0x8000,
0x8000,0x8000,0x8000,0x8000,0x5AB4,0x5AB4,0x4A10,0x4A10,0x4A10,0x4A10,0x4A10,0x4A10,0x4A10,0x4A10,0x4A10,0x358C,0x358C,0x8000,0x8000,0x8000,0x8000,
0x8000,0x8000,0x5AB4,0x5AB4,0x4A10,0x4A10,0x4A10,0x4A10,0x4A10,0x4A10,0x4A10,0x4A10,0x4A10,0x398C,0x4A10,0x4A10,0x7B9B,0x5AB4,0x5AB4,0x8000,0x8000,
0x8000,0x8000,0x358B,0x4A0F,0x398C,0x398C,0x4A10,0x4A10,0x4A10,0x398C,0x4A10,0x4A10,0x4A10,0x4A10,0x7B9B,0x7B9B,0x7B9B,0x398B,0x2928,0x8000,0x8000,
0x8000,0x8000,0x2529,0x358C,0x4A0F,0x4A0F,0x4A10,0x4A10,0x4A10,0x4A10,0x4A10,0x4A10,0x7B9B,0x7B9B,0x7B9B,0x398B,0x398B,0x2929,0x1CC6,0x8000,0x8000,
0x8000,0x8000,0x2529,0x358C,0x358C,0x358C,0x4A0F,0x4A0F,0x4A10,0x4A10,0x7B9B,0x7B9B,0x7B9B,0x398B,0x398B,0x2929,0x2929,0x2929,0x1CC6,0x8000,0x8000,
0x8000,0x8000,0x2529,0x358C,0x358C,0x2929,0x358C,0x358C,0x4A0F,0x4A0F,0x7B9B,0x398B,0x398B,0x2929,0x2929,0x2929,0x2929,0x2929,0x1CC6,0x8000,0x8000,
0x8000,0x8000,0x2529,0x2929,0x358C,0x358C,0x358C,0x358C,0x358C,0x358C,0x398B,0x2929,0x2929,0x1CC6,0x2929,0x2929,0x2929,0x2929,0x1CC6,0x8000,0x8000,
0x8000,0x8000,0x2529,0x2529,0x358C,0x358C,0x358C,0x358C,0x358C,0x358C,0x2929,0x2929,0x2929,0x2929,0x2929,0x2929,0x2929,0x1CC6,0x1CC6,0x8000,0x8000,
0x8000,0x8000,0x8000,0x8000,0x2529,0x2529,0x358C,0x358C,0x358C,0x358C,0x2929,0x2929,0x2929,0x2929,0x2929,0x1CC6,0x1CC6,0x8000,0x8000,0x8000,0x8000,
0x8000,0x8000,0x8000,0x8000,0x8000,0x8000,0x2529,0x2529,0x358C,0x358C,0x2929,0x1CC6,0x2929,0x1CC6,0x1CC6,0x8000,0x8000,0x8000,0x8000,0x8000,0x8000,
0x8000,0x8000,0x8000,0x8000,0x8000,0x8000,0x8000,0x8000,0x2529,0x2529,0x2929,0x1CC6,0x1CC6,0x8000,0x8000,0x8000,0x8000,0x8000,0x8000,0x8000,0x8000,
0x8000,0x8000,0x8000,0x8000,0x8000,0x8000,0x8000,0x8000,0x8000,0x8000,0x1CC6,0x8000,0x8000,0x8000,0x8000,0x8000,0x8000,0x8000,0x8000,0x8000,0x8000,
0x8000,0x8000,0x8000,0x8000,0x8000,0x8000,0x8000,0x8000,0x8000,0x8000,0x8000,0x8000,0x8000,0x8000,0x8000,0x8000,0x8000,0x8000,0x8000,0x8000,0x8000},
{0x8000,0x8000,0x8000,0x8000,0x8000,0x8000,0x8000,0x8000,0x8000,0x8000,0x8000,0x8000,0x8000,0x8000,0x8000,0x8000,0x8000,0x8000,0x8000,0x8000,0x8000,
0x8000,0x8000,0x8000,0x8000,0x8000,0x8000,0x8000,0x8000,0x8000,0x8000,0x8000,0x8000,0x8000,0x8000,0x8000,0x8000,0x8000,0x8000,0x8000,0x8000,0x8000,
0x8000,0x8000,0x8000,0x8000,0x8000,0x8000,0x8000,0x8000,0x8000,0x8000,0x8000,0x8000,0x8000,0x8000,0x8000,0x8000,0x8000,0x8000,0x8000,0x8000,0x8000,
0x8000,0x8000,0x8000,0x8000,0x8000,0x8000,0x8000,0x8000,0x8000,0x8000,0x8000,0x8000,0x8000,0x8000,0x8000,0x8000,0x8000,0x8000,0x8000,0x8000,0x8000,
0x8000,0x8000,0x8000,0x8000,0x8000,0x8000,0x8000,0x8000,0x8000,0x8000,0x8000,0x8000,0x8000,0x8000,0x8000,0x8000,0x8000,0x8000,0x8000,0x8000,0x8000,
0x8000,0x8000,0x8000,0x8000,0x8000,0x8000,0x8000,0x8000,0x8000,0x8000,0x8000,0x8000,0x8000,0x8000,0x8000,0x8000,0x8000,0x8000,0x8000,0x8000,0x8000,
0x8000,0x8000,0x8000,0x8000,0x8000,0x8000,0x8000,0x8000,0x8000,0x8000,0x8000,0x8000,0x8000,0x8000,0x8000,0x8000,0x8000,0x8000,0x8000,0x8000,0x8000,
0x8000,0x8000,0x8000,0x8000,0x8000,0x8000,0x8000,0x8000,0x8000,0x8000,0x8000,0x8000,0x8000,0x8000,0x8000,0x8000,0x8000,0x8000,0x8000,0x8000,0x8000,
0x8000,0x8000,0x8000,0x8000,0x8000,0x8000,0x8000,0x8000,0x8000,0x8000,0x8000,0x8000,0x8000,0x8000,0x8000,0x8000,0x8000,0x8000,0x8000,0x8000,0x8000,
0x8000,0x8000,0x8000,0x8000,0x8000,0x8000,0x8000,0x8000,0x8000,0x8000,0x8000,0x8000,0x8000,0x8000,0x8000,0x8000,0x8000,0x8000,0x8000,0x8000,0x8000,
0x8000,0x8000,0x8000,0x8000,0x8000,0x8000,0x8000,0x8000,0x8000,0x8000,0x8000,0x8000,0x8000,0x8000,0x8000,0x8000,0x8000,0x8000,0x8000,0x8000,0x8000,
0x8000,0x8000,0x8000,0x8000,0x8000,0x8000,0x8000,0x8000,0x8000,0x8000,0x8000,0x8000,0x8000,0x8000,0x8000,0x8000,0x8000,0x8000,0x8000,0x8000,0x8000,
0x8000,0x8000,0x8000,0x8000,0x8000,0x8000,0x8000,0x8000,0x8000,0x8000,0x8000,0x8000,0x8000,0x8000,0x8000,0x8000,0x8000,0x8000,0x8000,0x8000,0x8000,
0x8000,0x8000,0x8000,0x8000,0x8000,0x8000,0x8000,0x8000,0x19B2,0x8000,0x8000,0x8000,0x8000,0x8000,0x8000,0x8000,0x8000,0x8000,0x8000,0x8000,0x8000,
0x8000,0x8000,0x8000,0x8000,0x8000,0x8000,0xCC9,0x19B2,0x2659,0x19B2,0x19B2,0x8000,0x8000,0x8000,0x8000,0x8000,0x8000,0x8000,0x8000,0x8000,0x8000,
0x8000,0x8000,0x8000,0x8000,0x19B2,0x19B2,0x2659,0x110D,0x110D,0x2659,0x2659,0x19B2,0x19B2,0x8000,0x8000,0x8000,0x8000,0x8000,0x8000,0x8000,0x8000,
0x8000,0x8000,0x8000,0x8000,0x112D,0x19B2,0x2659,0x2659,0x2659,0x110D,0x110D,0x2659,0x2659,0x19B2,0x19B2,0x8000,0x8000,0x8000,0x8000,0x8000,0x8000,
0x8000,0x8000,0x8000,0x8000,0x886,0xCC9,0x19B2,0x19B2,0x2659,0x2659,0x2659,0x110D,0x110D,0x2659,0x2659,0x19B2,0x19B2,0x8000,0x8000,0x8000,0x8000,
0x8000,0x8000,0x8000,0x8000,0x8000,0x3149,0xCC9,0xCC9,0x19B2,0x19B2,0x2659,0x2659,0x2659,0x110D,0x110D,0x154E,0xCEA,0x8000,0x8000,0x8000,0x8000,
0x8000,0x8000,0x8000,0x8000,0x8000,0x3149,0x314A,0x314A,0xCC9,0xCC9,0x19B2,0x19B2,0x2659,0x154E,0x154E,0x887,0x465,0x8000,0x8000,0x8000,0x8000,
0x8000,0x8000,0x8000,0x8000,0x8000,0x3149,0x314A,0x314A,0x314A,0x24E7,0xCC9,0xCC9,0x154E,0x887,0x887,0x24E7,0x8000,0x8000,0x8000,0x8000,0x8000,
0x8000,0x8000,0x8000,0x8000,0x8000,0x3149,0x314A,0x24E7,0x24E7,0x8000,0x3149,0x314A,0x887,0x314A,0x314A,0x24E7,0x8000,0x8000,0x8000,0x8000,0x8000,
0x8000,0x8000,0x8000,0x8000,0x8000,0x8000,0x24E7,0x8000,0x8000,0x8000,0x3149,0x314A,0x314A,0x314A,0x314A,0x24E7,0x8000,0x8000,0x8000,0x8000,0x8000,
0x8000,0x8000,0x8000,0x8000,0x8000,0x8000,0x8000,0x8000,0x8000,0x8000,0x3149,0x314A,0x314A,0x24E7,0x24E7,0x8000,0x8000,0x8000,0x8000,0x8000,0x8000,
0x8000,0x8000,0x8000,0x8000,0x8000,0x8000,0x8000,0x8000,0x8000,0x8000,0x3149,0x24E7,0x24E7,0x8000,0x8000,0x8000,0x8000,0x8000,0x8000,0x8000,0x8000,
0x8000,0x8000,0x8000,0x8000,0x8000,0x8000,0x8000,0x8000,0x8000,0x8000,0x8000,0x8000,0x8000,0x8000,0x8000,0x8000,0x8000,0x8000,0x8000,0x8000,0x8000,
0x8000,0x8000,0x8000,0x8000,0x8000,0x8000,0x8000,0x8000,0x8000,0x8000,0x8000,0x8000,0x8000,0x8000,0x8000,0x8000,0x8000,0x8000,0x8000,0x8000,0x8000,
0x8000,0x8000,0x8000,0x8000,0x8000,0x8000,0x8000,0x8000,0x8000,0x8000,0x8000,0x8000,0x8000,0x8000,0x8000,0x8000,0x8000,0x8000,0x8000,0x8000,0x8000},
{0x8000,0x8000,0x8000,0x8000,0x8000,0x8000,0x8000,0x8000,0x8000,0x8000,0x8000,0x8000,0x8000,0x8000,0x8000,0x8000,0x8000,0x8000,0x8000,0x8000,0x8000,
0x8000,0x8000,0x8000,0x8000,0x8000,0x8000,0x8000,0x8000,0x8000,0x8000,0x8000,0x8000,0x8000,0x8000,0x8000,0x8000,0x8000,0x8000,0x8000,0x8000,0x8000,
0x8000,0x8000,0x8000,0x8000,0x8000,0x8000,0x8000,0x8000,0x8000,0x8000,0x8000,0x8000,0x8000,0x8000,0x8000,0x8000,0x8000,0x8000,0x8000,0x8000,0x8000,
0x8000,0x8000,0x8000,0x8000,0x8000,0x8000,0x8000,0x8000,0x8000,0x8000,0x8000,0x8000,0x8000,0x8000,0x8000,0x8000,0x8000,0x8000,0x8000,0x8000,0x8000,
0x8000,0x8000,0x8000,0x8000,0x8000,0x8000,0x8000,0x8000,0x8000,0x8000,0x8000,0x8000,0x8000,0x8000,0x8000,0x8000,0x8000,0x8000,0x8000,0x8000,0x8000,
0x8000,0x8000,0x8000,0x8000,0x8000,0x8000,0x8000,0x8000,0x8000,0x8000,0x8000,0x8000,0x8000,0x8000,0x8000,0x8000,0x8000,0x8000,0x8000,0x8000,0x8000,
0x8000,0x8000,0x8000,0x8000,0x8000,0x8000,0x8000,0x8000,0x8000,0x8000,0x8000,0x8000,0x8000,0x8000,0x8000,0x8000,0x8000,0x8000,0x8000,0x8000,0x8000,
0x8000,0x8000,0x8000,0x8000,0x8000,0x8000,0x8000,0x8000,0x8000,0x8000,0x8000,0x8000,0x8000,0x8000,0x8000,0x8000,0x8000,0x8000,0x8000,0x8000,0x8000,
0x8000,0x8000,0x8000,0x8000,0x8000,0x8000,0x8000,0x8000,0x8000,0x8000,0x8000,0x8000,0x8000,0x8000,0x8000,0x8000,0x8000,0x8000,0x8000,0x8000,0x8000,
0x8000,0x8000,0x8000,0x8000,0x8000,0x8000,0x8000,0x8000,0x8000,0x8000,0x8000,0x8000,0x8000,0x8000,0x8000,0x8000,0x8000,0x8000,0x8000,0x8000,0x8000,
0x8000,0x8000,0x8000,0x8000,0x8000,0x8000,0x8000,0x8000,0x8000,0x8000,0x8000,0x8000,0x8000,0x8000,0x8000,0x8000,0x8000,0x8000,0x8000,0x8000,0x8000,
0x8000,0x8000,0x8000,0x8000,0x8000,0x8000,0x8000,0x8000,0x8000,0x8000,0x8000,0x8000,0x8000,0x8000,0x8000,0x8000,0x8000,0x8000,0x8000,0x8000,0x8000,
0x8000,0x8000,0x8000,0x8000,0x8000,0x8000,0x8000,0x8000,0x8000,0x8000,0x8000,0x8000,0x8000,0x8000,0x8000,0x8000,0x8000,0x8000,0x8000,0x8000,0x8000,
0x8000,0x8000,0x8000,0x8000,0x8000,0x8000,0x8000,0x8000,0x8000,0x8000,0x8000,0x8000,0x19B2,0x8000,0x8000,0x8000,0x8000,0x8000,0x8000,0x8000,0x8000,
0x8000,0x8000,0x8000,0x8000,0x8000,0x8000,0x8000,0x8000,0x8000,0x8000,0x19B2,0x19B2,0x2659,0x19B2,0xCC9,0x8000,0x8000,0x8000,0x8000,0x8000,0x8000,
0x8000,0x8000,0x8000,0x8000,0x8000,0x8000,0x8000,0x8000,0x19B2,0x19B2,0x2659,0x2659,0x110D,0x110D,0x2659,0x19B2,0x19B2,0x8000,0x8000,0x8000,0x8000,
0x8000,0x8000,0x8000,0x8000,0x8000,0x8000,0x19B2,0x19B2,0x2659,0x2659,0x110D,0x110D,0x2659,0x2659,0x2659,0x154E,0xCEA,0x8000,0x8000,0x8000,0x8000,
0x8000,0x8000,0x8000,0x8000,0x19B2,0x19B2,0x2659,0x2659,0x110D,0x110D,0x2659,0x2659,0x2659,0x154E,0x154E,0x887,0x465,0x8000,0x8000,0x8000,0x8000,
0x8000,0x8000,0x8000,0x8000,0x112D,0x19B2,0x110D,0x110D,0x2659,0x2659,0x2659,0x154E,0x154E,0x887,0x887,0x24E7,0x8000,0x8000,0x8000,0x8000,0x8000,
0x8000,0x8000,0x8000,0x8000,0x886,0xCC9,0x19B2,0x19B2,0x2659,0x154E,0x154E,0x887,0x887,0x45CD,0x314A,0x24E7,0x8000,0x8000,0x8000,0x8000,0x8000,
0x8000,0x8000,0x8000,0x8000,0x8000,0x3149,0xCC9,0xCC9,0x154E,0x887,0x887,0x3149,0x45CD,0x45CD,0x314A,0x24E7,0x8000,0x8000,0x8000,0x8000,0x8000,
0x8000,0x8000,0x8000,0x8000,0x8000,0x3149,0x45CD,0x45CD,0x887,0x314A,0x24E7,0x8000,0x3149,0x3149,0x314A,0x24E7,0x8000,0x8000,0x8000,0x8000,0x8000,
0x8000,0x8000,0x8000,0x8000,0x8000,0x3149,0x45CD,0x45CD,0x45CD,0x314A,0x24E7,0x8000,0x8000,0x8000,0x24E7,0x8000,0x8000,0x8000,0x8000,0x8000,0x8000,
0x8000,0x8000,0x8000,0x8000,0x8000,0x8000,0x3149,0x3149,0x45CD,0x314A,0x24E7,0x8000,0x8000,0x8000,0x8000,0x8000,0x8000,0x8000,0x8000,0x8000,0x8000,
0x8000,0x8000,0x8000,0x8000,0x8000,0x8000,0x8000,0x8000,0x3149,0x24E7,0x24E7,0x8000,0x8000,0x8000,0x8000,0x8000,0x8000,0x8000,0x8000,0x8000,0x8000,
0x8000,0x8000,0x8000,0x8000,0x8000,0x8000,0x8000,0x8000,0x8000,0x8000,0x8000,0x8000,0x8000,0x8000,0x8000,0x8000,0x8000,0x8000,0x8000,0x8000,0x8000,
0x8000,0x8000,0x8000,0x8000,0x8000,0x8000,0x8000,0x8000,0x8000,0x8000,0x8000,0x8000,0x8000,0x8000,0x8000,0x8000,0x8000,0x8000,0x8000,0x8000,0x8000,
0x8000,0x8000,0x8000,0x8000,0x8000,0x8000,0x8000,0x8000,0x8000,0x8000,0x8000,0x8000,0x8000,0x8000,0x8000,0x8000,0x8000,0x8000,0x8000,0x8000,0x8000},
{0x8000,0x8000,0x8000,0x8000,0x8000,0x8000,0x8000,0x8000,0x8000,0x8000,0x8000,0x8000,0x8000,0x8000,0x8000,0x8000,0x8000,0x8000,0x8000,0x8000,0x8000,
0x8000,0x8000,0x8000,0x8000,0x8000,0x8000,0x8000,0x8000,0x8000,0x8000,0x8000,0x8000,0x8000,0x8000,0x8000,0x8000,0x8000,0x8000,0x8000,0x8000,0x8000,
0x8000,0x8000,0x8000,0x8000,0x8000,0x8000,0x8000,0x8000,0x8000,0x8000,0x8000,0x8000,0x8000,0x8000,0x8000,0x8000,0x8000,0x8000,0x8000,0x8000,0x8000,
0x8000,0x8000,0x8000,0x8000,0x8000,0x8000,0x8000,0x8000,0x8000,0x8000,0x8000,0x8000,0x8000,0x8000,0x8000,0x8000,0x8000,0x8000,0x8000,0x8000,0x8000,
0x8000,0x8000,0x8000,0x8000,0x8000,0x8000,0x8000,0x8000,0x8000,0x8000,0x8000,0x8000,0x8000,0x8000,0x8000,0x8000,0x8000,0x8000,0x8000,0x8000,0x8000,
0x8000,0x8000,0x8000,0x8000,0x8000,0x8000,0x8000,0x8000,0x8000,0x8000,0x8000,0x8000,0x8000,0x8000,0x8000,0x8000,0x8000,0x8000,0x8000,0x8000,0x8000,
0x8000,0x8000,0x8000,0x8000,0x8000,0x8000,0x8000,0x8000,0x8000,0x8000,0x8000,0x8000,0x8000,0x8000,0x8000,0x8000,0x8000,0x8000,0x8000,0x8000,0x8000,
0x8000,0x8000,0x8000,0x8000,0x8000,0x8000,0x8000,0x8000,0x8000,0x8000,0x8000,0x8000,0x8000,0x8000,0x8000,0x8000,0x8000,0x8000,0x8000,0x8000,0x8000,
0x8000,0x8000,0x8000,0x8000,0x8000,0x8000,0x8000,0x8000,0x8000,0x8000,0xCEC,0x8000,0x8000,0x8000,0x8000,0x8000,0x8000,0x8000,0x8000,0x8000,0x8000,
0x8000,0x8000,0x8000,0x8000,0x8000,0x8000,0x8000,0x8000,0x8000,0x8A8,0x1572,0xCEC,0xCEC,0x8000,0x8000,0x8000,0x8000,0x8000,0x8000,0x8000,0x8000,
0x8000,0x8000,0x8000,0x8000,0x8000,0x8000,0x8000,0x8000,0x8000,0x8A8,0xD0D,0xD0D,0x1572,0xCEC,0xCEC,0x8000,0x8000,0x8000,0x8000,0x8000,0x8000,
0x8000,0x8000,0x8000,0x8000,0x8000,0x8000,0x8000,0x8000,0x8000,0x8A8,0xD0D,0xD0D,0xD0D,0xD0D,0x1572,0xCEC,0xCEC,0x8000,0x8000,0x8000,0x8000,
0x8000,0x8000,0x8000,0x8000,0x8000,0x8000,0x8000,0x8000,0x8000,0x8A8,0xD0D,0xD0D,0xD0D,0xD0D,0xD0D,0xD0D,0x1572,0xCEC,0xCEC,0x8000,0x8000,
0x8000,0x8000,0x8000,0x8000,0x8000,0x8000,0x8000,0x8000,0x8000,0x8A8,0x73DE,0x73DE,0x73DE,0xD0D,0xD0D,0xD0D,0xD0D,0x8CA,0x486,0x8000,0x8000,
0x8000,0x8000,0x8000,0x8000,0x8000,0x8000,0x8000,0x8000,0x8000,0x39EF,0x73DE,0x73DE,0x73DE,0x73DE,0x73DE,0xD0D,0xD0D,0x8CA,0x486,0x8000,0x8000,
0x8000,0x8000,0x8000,0x8000,0x8000,0x8000,0x8000,0x8000,0x4505,0x56D6,0x56D6,0x56D6,0x73DE,0x73DE,0x73DE,0x3E10,0xD0D,0x8CA,0x486,0x8000,0x8000,
0x8000,0x8000,0x8000,0x8000,0x8000,0x8000,0x4D89,0x4505,0x6988,0x6988,0x56D6,0x56D6,0x56D6,0x3E10,0x3E10,0x3E10,0xD0D,0x8CA,0x486,0x8000,0x8000,
0x8000,0x8000,0x8000,0x8000,0x4505,0x4505,0x6988,0x764E,0x764E,0x6988,0x6988,0x6988,0x56D6,0x3E10,0x3E10,0x6988,0x6988,0x8CA,0x486,0x8000,0x8000,
0x8000,0x8000,0x8000,0x34C4,0x6988,0x6988,0x6988,0x6988,0x6988,0x764E,0x764E,0x6988,0x6988,0x6988,0x6988,0x38C4,0x38C4,0x8CA,0x486,0x8000,0x8000,
0x8000,0x8000,0xCEC,0x4D26,0x4D26,0x4D26,0x6988,0x6988,0x6988,0x6988,0x6988,0x764E,0x764E,0x38C4,0x38C4,0x38C4,0x38C4,0x8CA,0x486,0x8000,0x8000,
0x8000,0x8000,0x8A8,0xD0D,0x4D26,0x4D26,0x4D26,0x4D26,0x6988,0x6988,0x6988,0x38C4,0x38C4,0x38C4,0x38C4,0x1572,0x1572,0x8CA,0x486,0x8000,0x8000,
0x8000,0x8000,0x8A8,0xD0D,0xD0D,0xD0D,0x4D26,0x4D26,0x4D26,0x38C4,0x38C4,0x38C4,0x38C4,0x1572,0x1572,0x8CA,0x8CA,0x8CA,0x486,0x8000,0x8000,
0x8000,0x8000,0x8A8,0x8A8,0xD0D,0xD0D,0xD0D,0xD0D,0x4D26,0x38C4,0x38C4,0x1572,0x1572,0x8CA,0x8CA,0x8CA,0x8CA,0x486,0x486,0x8000,0x8000,
0x8000,0x8000,0x8000,0x8000,0x8A8,0x8A8,0xD0D,0xD0D,0xD0D,0xD0D,0x1572,0x8CA,0x8CA,0x8CA,0x8CA,0x486,0x486,0x8000,0x8000,0x8000,0x8000,
0x8000,0x8000,0x8000,0x8000,0x8000,0x8000,0x8A8,0x8A8,0xD0D,0xD0D,0x8CA,0x8CA,0x8CA,0x486,0x486,0x8000,0x8000,0x8000,0x8000,0x8000,0x8000,
0x8000,0x8000,0x8000,0x8000,0x8000,0x8000,0x8000,0x8000,0x8A8,0x8A8,0x8CA,0x486,0x486,0x8000,0x8000,0x8000,0x8000,0x8000,0x8000,0x8000,0x8000,
0x8000,0x8000,0x8000,0x8000,0x8000,0x8000,0x8000,0x8000,0x8000,0x8000,0x486,0x8000,0x8000,0x8000,0x8000,0x8000,0x8000,0x8000,0x8000,0x8000,0x8000,
0x8000,0x8000,0x8000,0x8000,0x8000,0x8000,0x8000,0x8000,0x8000,0x8000,0x8000,0x8000,0x8000,0x8000,0x8000,0x8000,0x8000,0x8000,0x8000,0x8000,0x8000},
{0x8000,0x8000,0x8000,0x8000,0x8000,0x8000,0x8000,0x8000,0x8000,0x8000,0x8000,0x8000,0x8000,0x8000,0x8000,0x8000,0x8000,0x8000,0x8000,0x8000,0x8000,
0x8000,0x8000,0x8000,0x8000,0x8000,0x8000,0x8000,0x8000,0x8000,0x8000,0x8000,0x8000,0x8000,0x8000,0x8000,0x8000,0x8000,0x8000,0x8000,0x8000,0x8000,
0x8000,0x8000,0x8000,0x8000,0x8000,0x8000,0x8000,0x8000,0x8000,0x8000,0x8000,0x8000,0x8000,0x8000,0x8000,0x8000,0x8000,0x8000,0x8000,0x8000,0x8000,
0x8000,0x8000,0x8000,0x8000,0x8000,0x8000,0x8000,0x8000,0x8000,0x8000,0x8000,0x8000,0x8000,0x8000,0x8000,0x8000,0x8000,0x8000,0x8000,0x8000,0x8000,
0x8000,0x8000,0x8000,0x8000,0x8000,0x8000,0x8000,0x8000,0x8000,0x8000,0x8000,0x8000,0x8000,0x8000,0x8000,0x8000,0x8000,0x8000,0x8000,0x8000,0x8000,
0x8000,0x8000,0x8000,0x8000,0x8000,0x8000,0x8000,0x8000,0x8000,0x8000,0x8000,0x8000,0x8000,0x8000,0x8000,0x8000,0x8000,0x8000,0x8000,0x8000,0x8000,
0x8000,0x8000,0x8000,0x8000,0x8000,0x8000,0x8000,0x8000,0x8000,0x8000,0x8000,0x8000,0x8000,0x8000,0x8000,0x8000,0x8000,0x8000,0x8000,0x8000,0x8000,
0x8000,0x8000,0x8000,0x8000,0x8000,0x8000,0x8000,0x8000,0x8000,0x8000,0x8000,0x8000,0x8000,0x8000,0x8000,0x8000,0x8000,0x8000,0x8000,0x8000,0x8000,
0x8000,0x8000,0x8000,0x8000,0x8000,0x8000,0x8000,0x8000,0x8000,0x8000,0xCEC,0x8000,0x8000,0x8000,0x8000,0x8000,0x8000,0x8000,0x8000,0x8000,0x8000,
0x8000,0x8000,0x8000,0x8000,0x8000,0x8000,0x8000,0x8000,0xCEC,0xCEC,0x1572,0x486,0x8000,0x8000,0x8000,0x8000,0x8000,0x8000,0x8000,0x8000,0x8000,
0x8000,0x8000,0x8000,0x8000,0x8000,0x8000,0xCEC,0xCEC,0x1572,0x8CA,0x8CA,0x486,0x8000,0x8000,0x8000,0x8000,0x8000,0x8000,0x8000,0x8000,0x8000,
0x8000,0x8000,0x8000,0x8000,0xCEC,0xCEC,0x1572,0x8CA,0x8CA,0x8CA,0x8CA,0x486,0x8000,0x8000,0x8000,0x8000,0x8000,0x8000,0x8000,0x8000,0x8000,
0x8000,0x8000,0xCEC,0xCEC,0x1572,0x8CA,0x8CA,0x8CA,0x8CA,0x8CA,0x8CA,0x486,0x8000,0x8000,0x8000,0x8000,0x8000,0x8000,0x8000,0x8000,0x8000,
0x8000,0x8000,0x8A8,0x8CA,0x8CA,0x8CA,0x8CA,0x8CA,0x73DE,0x73DE,0x73DE,0x486,0x8000,0x8000,0x8000,0x8000,0x8000,0x8000,0x8000,0x8000,0x8000,
0x8000,0x8000,0x8A8,0x8CA,0x8CA,0x8CA,0x73DE,0x73DE,0x73DE,0x73DE,0x73DE,0x296B,0x8000,0x8000,0x8000,0x8000,0x8000,0x8000,0x8000,0x8000,0x8000,
0x8000,0x8000,0x8A8,0x8CA,0x8CA,0x56D6,0x73DE,0x73DE,0x73DE,0x3E10,0x3E10,0x3E10,0x4505,0x8000,0x8000,0x8000,0x8000,0x8000,0x8000,0x8000,0x8000,
0x8000,0x8000,0x8A8,0x8CA,0x8CA,0x56D6,0x56D6,0x3E10,0x3E10,0x3E10,0x3E10,0x6988,0x6988,0x4505,0x4D89,0x8000,0x8000,0x8000,0x8000,0x8000,0x8000,
0x8000,0x8000,0x8A8,0x8CA,0x6988,0x6988,0x56D6,0x3E10,0x3E10,0x6988,0x6988,0x6988,0x764E,0x764E,0x6988,0x4505,0x4505,0x8000,0x8000,0x8000,0x8000,
0x8000,0x8000,0x8A8,0x8CA,0x4D26,0x4D26,0x6988,0x6988,0x6988,0x6988,0x764E,0x764E,0x6988,0x6988,0x6988,0x6988,0x6988,0x2482,0x8000,0x8000,0x8000,
0x8000,0x8000,0x8A8,0x8CA,0x4D26,0x4D26,0x4D26,0x4D26,0x764E,0x764E,0x6988,0x6988,0x6988,0x6988,0x6988,0x38C4,0x38C4,0x38C4,0xCEC,0x8000,0x8000,
0x8000,0x8000,0x8A8,0xD0D,0x1572,0x1572,0x4D26,0x4D26,0x4D26,0x4D26,0x6988,0x6988,0x6988,0x38C4,0x38C4,0x38C4,0x38C4,0x8CA,0x486,0x8000,0x8000,
0x8000,0x8000,0x8A8,0xD0D,0xD0D,0xD0D,0x1572,0x1572,0x4D26,0x4D26,0x4D26,0x38C4,0x38C4,0x38C4,0x38C4,0x8CA,0x8CA,0x8CA,0x486,0x8000,0x8000,
0x8000,0x8000,0x8A8,0x8A8,0xD0D,0xD0D,0xD0D,0xD0D,0x1572,0x1572,0x4D26,0x38C4,0x38C4,0x8CA,0x8CA,0x8CA,0x8CA,0x486,0x486,0x8000,0x8000,
0x8000,0x8000,0x8000,0x8000,0x8A8,0x8A8,0xD0D,0xD0D,0xD0D,0xD0D,0x1572,0x8CA,0x8CA,0x8CA,0x8CA,0x486,0x486,0x8000,0x8000,0x8000,0x8000,
0x8000,0x8000,0x8000,0x8000,0x8000,0x8000,0x8A8,0x8A8,0xD0D,0xD0D,0x8CA,0x8CA,0x8CA,0x486,0x486,0x8000,0x8000,0x8000,0x8000,0x8000,0x8000,
0x8000,0x8000,0x8000,0x8000,0x8000,0x8000,0x8000,0x8000,0x8A8,0x8A8,0x8CA,0x486,0x486,0x8000,0x8000,0x8000,0x8000,0x8000,0x8000,0x8000,0x8000,
0x8000,0x8000,0x8000,0x8000,0x8000,0x8000,0x8000,0x8000,0x8000,0x8000,0x486,0x8000,0x8000,0x8000,0x8000,0x8000,0x8000,0x8000,0x8000,0x8000,0x8000,
0x8000,0x8000,0x8000,0x8000,0x8000,0x8000,0x8000,0x8000,0x8000,0x8000,0x8000,0x8000,0x8000,0x8000,0x8000,0x8000,0x8000,0x8000,0x8000,0x8000,0x8000},
{0x8000,0x8000,0x8000,0x8000,0x8000,0x8000,0x8000,0x8000,0x8000,0x8000,0x8000,0x8000,0x8000,0x8000,0x8000,0x8000,0x8000,0x8000,0x8000,0x8000,0x8000,
0x8000,0x8000,0x8000,0x8000,0x8000,0x8000,0x8000,0x8000,0x8000,0x8000,0x8000,0x8000,0x8000,0x8000,0x8000,0x8000,0x8000,0x8000,0x8000,0x8000,0x8000,
0x8000,0x8000,0x8000,0x8000,0x8000,0x8000,0x8000,0x8000,0x8000,0x8000,0x8000,0x8000,0x8000,0x8000,0x8000,0x8000,0x8000,0x8000,0x8000,0x8000,0x8000,
0x8000,0x8000,0x8000,0x8000,0x8000,0x8000,0x8000,0x8000,0x8000,0x8000,0x8000,0x8000,0x8000,0x8000,0x8000,0x8000,0x8000,0x8000,0x8000,0x8000,0x8000,
0x8000,0x8000,0x8000,0x8000,0x8000,0x8000,0x8000,0x8000,0x8000,0x8000,0x8000,0x8000,0x8000,0x8000,0x8000,0x8000,0x8000,0x8000,0x8000,0x8000,0x8000,
0x8000,0x8000,0x8000,0x8000,0x8000,0x8000,0x8000,0x8000,0x8000,0x8000,0x8000,0x8000,0x8000,0x8000,0x8000,0x8000,0x8000,0x8000,0x8000,0x8000,0x8000,
0x8000,0x8000,0x8000,0x8000,0x8000,0x8000,0x8000,0x8000,0x8000,0x8000,0x8000,0x8000,0x8000,0x8000,0x8000,0x8000,0x8000,0x8000,0x8000,0x8000,0x8000,
0x8000,0x8000,0x8000,0x8000,0x8000,0x8000,0x8000,0x8000,0x8000,0x8000,0x8000,0x8000,0x8000,0x8000,0x8000,0x8000,0x8000,0x8000,0x8000,0x8000,0x8000,
0x8000,0x8000,0x8000,0x8000,0x8000,0x8000,0x8000,0x8000,0x8000,0x8000,0x8000,0x8000,0x8000,0x8000,0x8000,0x8000,0x8000,0x8000,0x8000,0x8000,0x8000,
0x8000,0x8000,0x8000,0x8000,0x8000,0x8000,0x8000,0x8000,0x8000,0x8000,0x8000,0x8000,0x8000,0x8000,0x8000,0x8000,0x8000,0x8000,0x8000,0x8000,0x8000,
0x8000,0x8000,0x8000,0x8000,0x8000,0x8000,0x8000,0x8000,0x8000,0x8000,0x8000,0x8000,0x8000,0x8000,0x8000,0x8000,0x8000,0x8000,0x8000,0x8000,0x8000,
0x8000,0x8000,0x8000,0x8000,0x8000,0x8000,0x8000,0x8000,0x8000,0x8000,0x8000,0x8000,0x8000,0x8000,0x8000,0x8000,0x8000,0x8000,0x8000,0x8000,0x8000,
0x8000,0x8000,0xCEC,0xCEC,0xCEC,0x8000,0x8000,0x8000,0x8000,0x8000,0x8000,0x8000,0x8000,0x8000,0x8000,0x8000,0x8000,0x8000,0x8000,0x8000,0x8000,
0x8000,0x8000,0x8A8,0xD0D,0x1572,0xCEC,0xCEC,0x8000,0x8000,0x8000,0x8000,0x8000,0x8000,0x8000,0x8000,0x8000,0x8000,0x8000,0x8000,0x8000,0x8000,
0x8000,0x8000,0x8A8,0xD0D,0xD0D,0xD0D,0x1572,0xCEC,0xCEC,0x8000,0x4505,0x4505,0x4505,0x8000,0x8000,0x8000,0x8000,0x8000,0x8000,0x8000,0x8000,
0x8000,0x8000,0x8A8,0xD0D,0xD0D,0xD0D,0xD0D,0xD0D,0x1572,0xCEC,0x1572,0x6988,0x6988,0x4505,0x4505,0x8000,0x8000,0x8000,0x8000,0x8000,0x8000,
0x8000,0x8000,0x8A8,0xD0D,0xD0D,0xD0D,0xD0D,0xD0D,0xD0D,0xD0D,0x1572,0x8CA,0x764E,0x6988,0x6988,0x4505,0x4505,0x8000,0x8000,0x8000,0x8000,
0x8000,0x8000,0x8A8,0xD0D,0xD0D,0xD0D,0xD0D,0xD0D,0xD0D,0xD0D,0x8CA,0x8CA,0x6988,0x764E,0x764E,0x6988,0x6988,0x2482,0x8000,0x8000,0x8000,
0x8000,0x8000,0x8A8,0xD0D,0xD0D,0xD0D,0xD0D,0xD0D,0xD0D,0xD0D,0x8CA,0x8CA,0x6988,0x6988,0x6988,0x38C4,0x38C4,0x2482,0x8000,0x8000,0x8000,
0x8000,0x8000,0x8A8,0xD0D,0xD0D,0xD0D,0xD0D,0xD0D,0xD0D,0xD0D,0x8CA,0x8CA,0x764E,0x38C4,0x38C4,0x38C4,0x38C4,0x1572,0xCEC,0x8000,0x8000,
0x8000,0x8000,0x8A8,0xD0D,0xD0D,0xD0D,0xD0D,0xD0D,0xD0D,0xD0D,0x8CA,0x8CA,0x38C4,0x38C4,0x38C4,0x1572,0x1572,0x8CA,0x486,0x8000,0x8000,
0x8000,0x8000,0x8A8,0xD0D,0xD0D,0xD0D,0xD0D,0xD0D,0xD0D,0xD0D,0x8CA,0x8CA,0x38C4,0x1572,0x1572,0x8CA,0x8CA,0x8CA,0x486,0x8000,0x8000,
0x8000,0x8000,0x8A8,0x8A8,0xD0D,0xD0D,0xD0D,0xD0D,0xD0D,0xD0D,0x8CA,0x8CA,0x1572,0x8CA,0x8CA,0x8CA,0x8CA,0x486,0x486,0x8000,0x8000,
0x8000,0x8000,0x8000,0x8000,0x8A8,0x8A8,0xD0D,0xD0D,0xD0D,0xD0D,0x8CA,0x8CA,0x8CA,0x8CA,0x8CA,0x486,0x486,0x8000,0x8000,0x8000,0x8000,
0x8000,0x8000,0x8000,0x8000,0x8000,0x8000,0x8A8,0x8A8,0xD0D,0xD0D,0x8CA,0x8CA,0x8CA,0x486,0x486,0x8000,0x8000,0x8000,0x8000,0x8000,0x8000,
0x8000,0x8000,0x8000,0x8000,0x8000,0x8000,0x8000,0x8000,0x8A8,0x8A8,0x8CA,0x486,0x486,0x8000,0x8000,0x8000,0x8000,0x8000,0x8000,0x8000,0x8000,
0x8000,0x8000,0x8000,0x8000,0x8000,0x8000,0x8000,0x8000,0x8000,0x8000,0x486,0x8000,0x8000,0x8000,0x8000,0x8000,0x8000,0x8000,0x8000,0x8000,0x8000,
0x8000,0x8000,0x8000,0x8000,0x8000,0x8000,0x8000,0x8000,0x8000,0x8000,0x8000,0x8000,0x8000,0x8000,0x8000,0x8000,0x8000,0x8000,0x8000,0x8000,0x8000},
{0x8000,0x8000,0x8000,0x8000,0x8000,0x8000,0x8000,0x8000,0x8000,0x8000,0x8000,0x8000,0x8000,0x8000,0x8000,0x8000,0x8000,0x8000,0x8000,0x8000,0x8000,
0x8000,0x8000,0x8000,0x8000,0x8000,0x8000,0x8000,0x8000,0x8000,0x8000,0x8000,0x8000,0x8000,0x8000,0x8000,0x8000,0x8000,0x8000,0x8000,0x8000,0x8000,
0x8000,0x8000,0x8000,0x8000,0x8000,0x8000,0x8000,0x8000,0x8000,0x8000,0x8000,0x8000,0x8000,0x8000,0x8000,0x8000,0x8000,0x8000,0x8000,0x8000,0x8000,
0x8000,0x8000,0x8000,0x8000,0x8000,0x8000,0x8000,0x8000,0x8000,0x8000,0x8000,0x8000,0x8000,0x8000,0x8000,0x8000,0x8000,0x8000,0x8000,0x8000,0x8000,
0x8000,0x8000,0x8000,0x8000,0x8000,0x8000,0x8000,0x8000,0x8000,0x8000,0x8000,0x8000,0x8000,0x8000,0x8000,0x8000,0x8000,0x8000,0x8000,0x8000,0x8000,
0x8000,0x8000,0x8000,0x8000,0x8000,0x8000,0x8000,0x8000,0x8000,0x8000,0x8000,0x8000,0x8000,0x8000,0x8000,0x8000,0x8000,0x8000,0x8000,0x8000,0x8000,
0x8000,0x8000,0x8000,0x8000,0x8000,0x8000,0x8000,0x8000,0x8000,0x8000,0x8000,0x8000,0x8000,0x8000,0x8000,0x8000,0x8000,0x8000,0x8000,0x8000,0x8000,
0x8000,0x8000,0x8000,0x8000,0x8000,0x8000,0x8000,0x8000,0x8000,0x8000,0x8000,0x8000,0x8000,0x8000,0x8000,0x8000,0x8000,0x8000,0x8000,0x8000,0x8000,
0x8000,0x8000,0x8000,0x8000,0x8000,0x8000,0x8000,0x8000,0x8000,0x8000,0x8000,0x8000,0x8000,0x8000,0x8000,0x8000,0x8000,0x8000,0x8000,0x8000,0x8000,
0x8000,0x8000,0x8000,0x8000,0x8000,0x8000,0x8000,0x8000,0x8000,0x8000,0x8000,0x8000,0x8000,0x8000,0x8000,0x8000,0x8000,0x8000,0x8000,0x8000,0x8000,
0x8000,0x8000,0x8000,0x8000,0x8000,0x8000,0x8000,0x8000,0x8000,0x8000,0x8000,0x8000,0x8000,0x8000,0x8000,0x8000,0x8000,0x8000,0x8000,0x8000,0x8000,
0x8000,0x8000,0x8000,0x8000,0x8000,0x8000,0x8000,0x8000,0x8000,0x8000,0x8000,0x8000,0x8000,0x8000,0x8000,0x8000,0x8000,0x8000,0x8000,0x8000,0x8000,
0x8000,0x8000,0x8000,0x8000,0x8000,0x8000,0x8000,0x8000,0x8000,0x8000,0x8000,0x8000,0x8000,0x8000,0x8000,0x8000,0xCEC,0xCEC,0xCEC,0x8000,0x8000,
0x8000,0x8000,0x8000,0x8000,0x8000,0x8000,0x8000,0x8000,0x8000,0x8000,0x8000,0x8000,0x8000,0x8000,0xCEC,0xCEC,0x1572,0x8CA,0x486,0x8000,0x8000,
0x8000,0x8000,0x8000,0x8000,0x8000,0x8000,0x8000,0x8000,0x4505,0x4505,0x4505,0x8000,0xCEC,0xCEC,0x1572,0x8CA,0x8CA,0x8CA,0x486,0x8000,0x8000,
0x8000,0x8000,0x8000,0x8000,0x8000,0x8000,0x4505,0x4505,0x6988,0x6988,0x1572,0xCEC,0x1572,0x8CA,0x8CA,0x8CA,0x8CA,0x8CA,0x486,0x8000,0x8000,
0x8000,0x8000,0x8000,0x8000,0x4505,0x4505,0x6988,0x6988,0x764E,0xD0D,0x1572,0x8CA,0x8CA,0x8CA,0x8CA,0x8CA,0x8CA,0x8CA,0x486,0x8000,0x8000,
0x8000,0x8000,0x8000,0x34C4,0x6988,0x6988,0x764E,0x764E,0x6988,0xD0D,0x8CA,0x8CA,0x8CA,0x8CA,0x8CA,0x8CA,0x8CA,0x8CA,0x486,0x8000,0x8000,
0x8000,0x8000,0x8000,0x34C4,0x4D26,0x4D26,0x6988,0x6988,0x6988,0xD0D,0x8CA,0x8CA,0x8CA,0x8CA,0x8CA,0x8CA,0x8CA,0x8CA,0x486,0x8000,0x8000,
0x8000,0x8000,0xCEC,0x1572,0x4D26,0x4D26,0x4D26,0x4D26,0x764E,0xD0D,0x8CA,0x8CA,0x8CA,0x8CA,0x8CA,0x8CA,0x8CA,0x8CA,0x486,0x8000,0x8000,
0x8000,0x8000,0x8A8,0xD0D,0x1572,0x1572,0x4D26,0x4D26,0x4D26,0xD0D,0x8CA,0x8CA,0x8CA,0x8CA,0x8CA,0x8CA,0x8CA,0x8CA,0x486,0x8000,0x8000,
0x8000,0x8000,0x8A8,0xD0D,0xD0D,0xD0D,0x1572,0x1572,0x4D26,0xD0D,0x8CA,0x8CA,0x8CA,0x8CA,0x8CA,0x8CA,0x8CA,0x8CA,0x486,0x8000,0x8000,
0x8000,0x8000,0x8A8,0x8A8,0xD0D,0xD0D,0xD0D,0xD0D,0x1572,0xD0D,0x8CA,0x8CA,0x8CA,0x8CA,0x8CA,0x8CA,0x8CA,0x486,0x486,0x8000,0x8000,
0x8000,0x8000,0x8000,0x8000,0x8A8,0x8A8,0xD0D,0xD0D,0xD0D,0xD0D,0x8CA,0x8CA,0x8CA,0x8CA,0x8CA,0x486,0x486,0x8000,0x8000,0x8000,0x8000,
0x8000,0x8000,0x8000,0x8000,0x8000,0x8000,0x8A8,0x8A8,0xD0D,0xD0D,0x8CA,0x8CA,0x8CA,0x486,0x486,0x8000,0x8000,0x8000,0x8000,0x8000,0x8000,
0x8000,0x8000,0x8000,0x8000,0x8000,0x8000,0x8000,0x8000,0x8A8,0x8A8,0x8CA,0x486,0x486,0x8000,0x8000,0x8000,0x8000,0x8000,0x8000,0x8000,0x8000,
0x8000,0x8000,0x8000,0x8000,0x8000,0x8000,0x8000,0x8000,0x8000,0x8000,0x486,0x8000,0x8000,0x8000,0x8000,0x8000,0x8000,0x8000,0x8000,0x8000,0x8000,
0x8000,0x8000,0x8000,0x8000,0x8000,0x8000,0x8000,0x8000,0x8000,0x8000,0x8000,0x8000,0x8000,0x8000,0x8000,0x8000,0x8000,0x8000,0x8000,0x8000,0x8000},
{0x8000,0x8000,0x8000,0x8000,0x8000,0x8000,0x8000,0x8000,0x8000,0x8000,0x8000,0x8000,0x8000,0x8000,0x8000,0x8000,0x8000,0x8000,0x8000,0x8000,0x8000,
0x8000,0x8000,0x8000,0x8000,0x8000,0x8000,0x8000,0x8000,0x8000,0x8000,0x8000,0x8000,0x8000,0x8000,0x8000,0x8000,0x8000,0x8000,0x8000,0x8000,0x8000,
0x8000,0x8000,0x8000,0x8000,0x8000,0x8000,0x8000,0x8000,0x8000,0x8000,0x4E30,0x8000,0x8000,0x8000,0x8000,0x8000,0x8000,0x8000,0x8000,0x8000,0x8000,
0x8000,0x8000,0x8000,0x8000,0x8000,0x8000,0x8000,0x8000,0x8000,0x3567,0x7338,0x4E30,0x4E30,0x8000,0x8000,0x8000,0x8000,0x8000,0x8000,0x8000,0x8000,
0x8000,0x8000,0x8000,0x8000,0x8000,0x8000,0x8000,0x8000,0x8000,0x3567,0x520B,0x520B,0x7338,0x4E30,0x4E30,0x8000,0x8000,0x8000,0x8000,0x8000,0x8000,
0x8000,0x8000,0x8000,0x8000,0x8000,0x8000,0x8000,0x8000,0x8000,0x3567,0x520B,0x520B,0x520B,0x520B,0x7338,0x4E30,0x4E30,0x8000,0x8000,0x8000,0x8000,
0x8000,0x8000,0x4E30,0x4E30,0x4E30,0x8000,0x8000,0x8000,0x8000,0x3DEF,0x520B,0x520B,0x3529,0x520B,0x520B,0x520B,0x7338,0x4E30,0x4E30,0x8000,0x8000,
0x8000,0x8000,0x398C,0x398C,0x7338,0x4E30,0x4E30,0x8000,0x8000,0x3567,0x3529,0x3529,0x3529,0x3529,0x3529,0x520B,0x520B,0x3D88,0x2905,0x8000,0x8000,
0x8000,0x8000,0x398C,0x8000,0x398C,0x398C,0x7338,0x4E30,0x4E30,0x520B,0x24C6,0x24C6,0x3529,0x1CA5,0x1CA5,0x520B,0x520B,0x3D88,0x2905,0x8000,0x8000,
0x8000,0x8000,0x398C,0x8000,0x8000,0x8000,0x398C,0x398C,0x7338,0x7338,0x7338,0x24C6,0x1CA5,0x1CA5,0x1CA5,0x5EF6,0x520B,0x3D88,0x2905,0x8000,0x8000,
0x8000,0x8000,0x398C,0x8000,0x3DED,0x8000,0x8000,0x8000,0x398C,0x5652,0x7338,0x3DCD,0x1CA5,0x520B,0x520B,0x520B,0x5EF6,0x4630,0x2D6B,0x8000,0x8000,
0x8000,0x8000,0x398C,0x8000,0x3DED,0x8000,0x8000,0x8000,0x8000,0x398C,0x3DCD,0x3DCD,0x520B,0x520B,0x520B,0x520B,0x520B,0x3D88,0x2905,0x8000,0x8000,
0x8000,0x8000,0x398C,0x8000,0x8000,0x8000,0x8000,0x8000,0x8000,0x398C,0x3DCD,0x3DCD,0x5EF6,0x5EF6,0x520B,0x520B,0x520B,0x3D88,0x2905,0x8000,0x8000,
0x8000,0x8000,0x398C,0x8000,0x8000,0x8000,0x8000,0x8000,0x8000,0x398C,0x3DCD,0x3DCD,0x520B,0x520B,0x5EF6,0x5EF6,0x520B,0x3D88,0x2905,0x8000,0x8000,
0x8000,0x8000,0x398C,0x8000,0x8000,0x8000,0x8000,0x8000,0x8000,0x398C,0x3DCD,0x3DCD,0x520B,0x520B,0x520B,0x520B,0x5EF6,0x4630,0x2D6B,0x8000,0x8000,
0x8000,0x8000,0x398C,0x8000,0x8000,0x8000,0x8000,0x3DED,0x8000,0x398C,0x3DCD,0x3DCD,0x520B,0x520B,0x520B,0x520B,0x520B,0x3D88,0x2905,0x8000,0x8000,
0x8000,0x8000,0x398C,0x8000,0x8000,0x8000,0x8000,0x3DED,0x8000,0x398C,0x3DCD,0x3DCD,0x5EF6,0x5EF6,0x520B,0x520B,0x520B,0x3D88,0x2905,0x8000,0x8000,
0x8000,0x8000,0x398C,0x8000,0x8000,0x8000,0x8000,0x8000,0x56B4,0x5652,0x3DCD,0x3DCD,0x520B,0x520B,0x5EF6,0x5EF6,0x520B,0x3D88,0x2905,0x8000,0x8000,
0x8000,0x8000,0x398C,0x8000,0x8000,0x8000,0x56B4,0x56B4,0x7FFE,0x5652,0x3DCD,0x3DCD,0x520B,0x520B,0x520B,0x520B,0x5EF6,0x4630,0x2D6B,0x8000,0x8000,
0x8000,0x8000,0x398C,0x8000,0x3DED,0x56B4,0x7FFE,0x7FFE,0x7FFE,0x5652,0x3DCD,0x3DCD,0x7FFE,0x7FFE,0x520B,0x520B,0x520B,0x3D88,0x2905,0x8000,0x8000,
0x8000,0x8000,0x398C,0x56B4,0x5ED3,0x7FFE,0x7FFE,0x7FFE,0x7FFE,0x5652,0x3DCD,0x3DCD,0x7FFE,0x7FFE,0x7FFE,0x7FFE,0x520B,0x3D88,0x2905,0x8000,0x8000,
0x8000,0x8000,0x3DEF,0x5EF6,0x7FFE,0x7FFE,0x7FFE,0x7FFE,0x7FFE,0x5652,0x3DCD,0x3DCD,0x7FFE,0x7FFE,0x7FFE,0x7FFE,0x7FFE,0x4630,0x2D6B,0x8000,0x8000,
0x8000,0x8000,0x3DEF,0x3DEF,0x5EF6,0x5EF6,0x7FFE,0x7FFE,0x7FFE,0x5652,0x3DCD,0x3DCD,0x7FFE,0x7FFE,0x7FFE,0x4630,0x4630,0x2D6B,0x2D6B,0x8000,0x8000,
0x8000,0x8000,0x8000,0x8000,0x3DEF,0x3DEF,0x5EF6,0x5EF6,0x7FFE,0x5652,0x3DCD,0x3DCD,0x7FFE,0x4630,0x4630,0x2D6B,0x2D6B,0x8000,0x8000,0x8000,0x8000,
0x8000,0x8000,0x8000,0x8000,0x8000,0x8000,0x3DEF,0x3DEF,0x5EF6,0x5EF6,0x3DCD,0x4630,0x4630,0x2D6B,0x2D6B,0x8000,0x8000,0x8000,0x8000,0x8000,0x8000,
0x8000,0x8000,0x8000,0x8000,0x8000,0x8000,0x8000,0x8000,0x3DEF,0x3DEF,0x4630,0x2D6B,0x2D6B,0x8000,0x8000,0x8000,0x8000,0x8000,0x8000,0x8000,0x8000,
0x8000,0x8000,0x8000,0x8000,0x8000,0x8000,0x8000,0x8000,0x8000,0x8000,0x2D6B,0x8000,0x8000,0x8000,0x8000,0x8000,0x8000,0x8000,0x8000,0x8000,0x8000,
0x8000,0x8000,0x8000,0x8000,0x8000,0x8000,0x8000,0x8000,0x8000,0x8000,0x8000,0x8000,0x8000,0x8000,0x8000,0x8000,0x8000,0x8000,0x8000,0x8000,0x8000},
{0x8000,0x8000,0x8000,0x8000,0x8000,0x8000,0x8000,0x8000,0x8000,0x8000,0x8000,0x8000,0x8000,0x8000,0x8000,0x8000,0x8000,0x8000,0x8000,0x8000,0x8000,
0x8000,0x8000,0x8000,0x8000,0x8000,0x8000,0x8000,0x8000,0x8000,0x8000,0x8000,0x8000,0x8000,0x8000,0x8000,0x8000,0x8000,0x8000,0x8000,0x8000,0x8000,
0x8000,0x8000,0x8000,0x8000,0x8000,0x8000,0x8000,0x8000,0x8000,0x8000,0x4E30,0x8000,0x8000,0x8000,0x8000,0x8000,0x8000,0x8000,0x8000,0x8000,0x8000,
0x8000,0x8000,0x8000,0x8000,0x8000,0x8000,0x8000,0x8000,0x4E30,0x4E30,0x7338,0x2905,0x8000,0x8000,0x8000,0x8000,0x8000,0x8000,0x8000,0x8000,0x8000,
0x8000,0x8000,0x8000,0x8000,0x8000,0x8000,0x4E30,0x4E30,0x7338,0x3D88,0x3D88,0x2905,0x8000,0x8000,0x8000,0x8000,0x8000,0x8000,0x8000,0x8000,0x8000,
0x8000,0x8000,0x8000,0x8000,0x4E30,0x4E30,0x7338,0x3D88,0x3D88,0x3D88,0x3D88,0x2905,0x8000,0x8000,0x8000,0x8000,0x8000,0x8000,0x8000,0x8000,0x8000,
0x8000,0x8000,0x4E30,0x4E30,0x7338,0x3D88,0x3D88,0x3D88,0x3529,0x3D88,0x3D88,0x2D6B,0x8000,0x8000,0x8000,0x8000,0x4E30,0x4E30,0x4E30,0x8000,0x8000,
0x8000,0x8000,0x3567,0x3D88,0x3D88,0x3D88,0x3529,0x3529,0x3529,0x3529,0x3529,0x2905,0x8000,0x8000,0x4E30,0x4E30,0x7338,0x3DCD,0x2928,0x8000,0x8000,
0x8000,0x8000,0x3567,0x3D88,0x3D88,0x3D88,0x24C6,0x24C6,0x3529,0x1CA5,0x1CA5,0x3D88,0x4E30,0x4E30,0x7338,0x2928,0x2928,0x3DCD,0x2928,0x8000,0x8000,
0x8000,0x8000,0x3567,0x3D88,0x3D88,0x4630,0x24C6,0x24C6,0x1CA5,0x1CA5,0x7338,0x7338,0x7338,0x2928,0x2928,0x8000,0x8000,0x2928,0x2928,0x8000,0x8000,
0x8000,0x8000,0x3DEF,0x4630,0x4630,0x3D88,0x3D88,0x3D88,0x1CA5,0x5652,0x7338,0x3DCD,0x2928,0x8000,0x8000,0x8000,0x8000,0x2928,0x2928,0x8000,0x8000,
0x8000,0x8000,0x3567,0x3D88,0x3D88,0x3D88,0x3D88,0x3D88,0x3D88,0x5652,0x3DCD,0x2905,0x8000,0x8000,0x8000,0x8000,0x8000,0x2928,0x2928,0x8000,0x8000,
0x8000,0x8000,0x3567,0x3D88,0x3D88,0x3D88,0x3D88,0x4630,0x4630,0x5652,0x3DCD,0x3D88,0x2D69,0x8000,0x8000,0x8000,0x8000,0x2928,0x2928,0x8000,0x8000,
0x8000,0x8000,0x3567,0x3D88,0x3D88,0x4630,0x4630,0x3D88,0x3D88,0x5652,0x3DCD,0x3D88,0x2D69,0x8000,0x8000,0x8000,0x8000,0x2928,0x2928,0x8000,0x8000,
0x8000,0x8000,0x3DEF,0x4630,0x4630,0x3D88,0x3D88,0x3D88,0x3D88,0x5652,0x3DCD,0x2D6B,0x8000,0x8000,0x8000,0x2D69,0x8000,0x2928,0x2928,0x8000,0x8000,
0x8000,0x8000,0x3567,0x3D88,0x3D88,0x3D88,0x3D88,0x3D88,0x3D88,0x5652,0x3DCD,0x2905,0x8000,0x8000,0x8000,0x2D69,0x8000,0x2928,0x2928,0x8000,0x8000,
0x8000,0x8000,0x3567,0x3D88,0x3D88,0x3D88,0x3D88,0x4630,0x4630,0x5652,0x3DCD,0x2905,0x8000,0x8000,0x8000,0x8000,0x8000,0x2928,0x2928,0x8000,0x8000,
0x8000,0x8000,0x3567,0x3D88,0x3D88,0x4630,0x4630,0x3D88,0x3D88,0x5652,0x3DCD,0x7FFE,0x56B4,0x8000,0x8000,0x8000,0x8000,0x2928,0x2928,0x8000,0x8000,
0x8000,0x8000,0x3DEF,0x4630,0x4630,0x3D88,0x3D88,0x3D88,0x3D88,0x5652,0x3DCD,0x7FFE,0x7FFE,0x56B4,0x56B4,0x8000,0x8000,0x2928,0x2928,0x8000,0x8000,
0x8000,0x8000,0x3567,0x3D88,0x3D88,0x3D88,0x3D88,0x7FFE,0x7FFE,0x5652,0x3DCD,0x7FFE,0x7FFE,0x7FFE,0x7FFE,0x56B4,0x56B4,0x3DCD,0x2928,0x8000,0x8000,
0x8000,0x8000,0x3567,0x3D88,0x3D88,0x7FFE,0x7FFE,0x7FFE,0x7FFE,0x5652,0x3DCD,0x7FFE,0x7FFE,0x7FFE,0x7FFE,0x7FFE,0x7FFE,0x3DCD,0x2928,0x8000,0x8000,
0x8000,0x8000,0x3DEF,0x5EF6,0x7FFE,0x7FFE,0x7FFE,0x7FFE,0x7FFE,0x5652,0x3DCD,0x7FFE,0x460E,0x7FFE,0x7FFE,0x7FFE,0x7FFE,0x4630,0x2D6B,0x8000,0x8000,
0x8000,0x8000,0x3DEF,0x3DEF,0x5EF6,0x5EF6,0x7FFE,0x7FFE,0x7FFE,0x5652,0x3DCD,0x7FFE,0x460E,0x7FFE,0x7FFE,0x4630,0x4630,0x2D6B,0x2D6B,0x8000,0x8000,
0x8000,0x8000,0x8000,0x8000,0x3DEF,0x3DEF,0x5EF6,0x5EF6,0x7FFE,0x5652,0x3DCD,0x7FFE,0x7FFE,0x4630,0x4630,0x2D6B,0x2D6B,0x8000,0x8000,0x8000,0x8000,
0x8000,0x8000,0x8000,0x8000,0x8000,0x8000,0x3DEF,0x3DEF,0x5EF6,0x5EF6,0x3DCD,0x4630,0x4630,0x2D6B,0x2D6B,0x8000,0x8000,0x8000,0x8000,0x8000,0x8000,
0x8000,0x8000,0x8000,0x8000,0x8000,0x8000,0x8000,0x8000,0x3DEF,0x3DEF,0x4630,0x2D6B,0x2D6B,0x8000,0x8000,0x8000,0x8000,0x8000,0x8000,0x8000,0x8000,
0x8000,0x8000,0x8000,0x8000,0x8000,0x8000,0x8000,0x8000,0x8000,0x8000,0x2D6B,0x8000,0x8000,0x8000,0x8000,0x8000,0x8000,0x8000,0x8000,0x8000,0x8000,
0x8000,0x8000,0x8000,0x8000,0x8000,0x8000,0x8000,0x8000,0x8000,0x8000,0x8000,0x8000,0x8000,0x8000,0x8000,0x8000,0x8000,0x8000,0x8000,0x8000,0x8000},
{0x8000,0x8000,0x8000,0x8000,0x8000,0x8000,0x8000,0x8000,0x8000,0x8000,0x8000,0x8000,0x8000,0x8000,0x8000,0x8000,0x8000,0x8000,0x8000,0x8000,0x8000,
0x8000,0x8000,0x8000,0x8000,0x8000,0x8000,0x8000,0x8000,0x8000,0x8000,0x8000,0x8000,0x8000,0x8000,0x8000,0x8000,0x8000,0x8000,0x8000,0x8000,0x8000,
0x8000,0x8000,0x8000,0x8000,0x8000,0x8000,0x8000,0x8000,0x8000,0x8000,0x4E30,0x8000,0x8000,0x8000,0x8000,0x8000,0x8000,0x8000,0x8000,0x8000,0x8000,
0x8000,0x8000,0x8000,0x8000,0x8000,0x8000,0x8000,0x8000,0x8000,0x398C,0x7338,0x4E30,0x4E30,0x8000,0x8000,0x8000,0x8000,0x8000,0x8000,0x8000,0x8000,
0x8000,0x8000,0x8000,0x8000,0x8000,0x8000,0x8000,0x8000,0x8000,0x398C,0x398C,0x398C,0x7338,0x4E30,0x4E30,0x8000,0x8000,0x8000,0x8000,0x8000,0x8000,
0x8000,0x8000,0x8000,0x8000,0x8000,0x8000,0x8000,0x8000,0x8000,0x398C,0x8000,0x8000,0x398C,0x398C,0x7338,0x4E30,0x4E30,0x8000,0x8000,0x8000,0x8000,
0x8000,0x8000,0x4E30,0x4E30,0x4E30,0x8000,0x8000,0x8000,0x8000,0x398C,0x8000,0x3DED,0x8000,0x8000,0x398C,0x398C,0x7338,0x4E30,0x4E30,0x8000,0x8000,
0x8000,0x8000,0x3567,0x520B,0x7338,0x4E30,0x4E30,0x8000,0x8000,0x398C,0x8000,0x3DED,0x8000,0x8000,0x8000,0x8000,0x398C,0x3DCD,0x2928,0x8000,0x8000,
0x8000,0x8000,0x3567,0x520B,0x520B,0x520B,0x7338,0x4E30,0x4E30,0x398C,0x8000,0x8000,0x8000,0x8000,0x8000,0x8000,0x398C,0x3DCD,0x2928,0x8000,0x8000,
0x8000,0x8000,0x3567,0x520B,0x520B,0x520B,0x520B,0x520B,0x7338,0x7338,0x4E30,0x8000,0x8000,0x8000,0x8000,0x8000,0x398C,0x3DCD,0x2928,0x8000,0x8000,
0x8000,0x8000,0x3DEF,0x5EF6,0x520B,0x520B,0x520B,0x520B,0x520B,0x520B,0x7338,0x2905,0x8000,0x8000,0x8000,0x8000,0x398C,0x3DCD,0x2928,0x8000,0x8000,
0x8000,0x8000,0x3567,0x520B,0x5EF6,0x5EF6,0x520B,0x520B,0x520B,0x520B,0x3D88,0x2905,0x8000,0x8000,0x8000,0x8000,0x398C,0x3DCD,0x2928,0x8000,0x8000,
0x8000,0x8000,0x3567,0x520B,0x520B,0x520B,0x5EF6,0x5EF6,0x520B,0x520B,0x3D88,0x2905,0x8000,0x8000,0x3DED,0x8000,0x398C,0x3DCD,0x2928,0x8000,0x8000,
0x8000,0x8000,0x3567,0x520B,0x520B,0x520B,0x520B,0x520B,0x5EF6,0x5EF6,0x3D88,0x2D6B,0x8000,0x8000,0x3DED,0x8000,0x398C,0x3DCD,0x2928,0x8000,0x8000,
0x8000,0x8000,0x3DEF,0x5EF6,0x520B,0x520B,0x520B,0x520B,0x520B,0x520B,0x4630,0x2905,0x8000,0x8000,0x8000,0x8000,0x398C,0x3DCD,0x2928,0x8000,0x8000,
0x8000,0x8000,0x3567,0x520B,0x5EF6,0x5EF6,0x520B,0x520B,0x520B,0x520B,0x3D88,0x2905,0x8000,0x8000,0x8000,0x8000,0x398C,0x3DCD,0x2928,0x8000,0x8000,
0x8000,0x8000,0x3567,0x520B,0x520B,0x520B,0x5EF6,0x5EF6,0x520B,0x520B,0x3D88,0x2905,0x8000,0x8000,0x8000,0x8000,0x398C,0x3DCD,0x2928,0x8000,0x8000,
0x8000,0x8000,0x3567,0x520B,0x520B,0x520B,0x520B,0x520B,0x5EF6,0x5EF6,0x3D88,0x4630,0x56B4,0x8000,0x8000,0x8000,0x398C,0x3DCD,0x2928,0x8000,0x8000,
0x8000,0x8000,0x3DEF,0x5EF6,0x520B,0x520B,0x520B,0x520B,0x520B,0x520B,0x4630,0x3D88,0x7FFE,0x56B4,0x56B4,0x8000,0x398C,0x3DCD,0x2928,0x8000,0x8000,
0x8000,0x8000,0x3567,0x520B,0x5EF6,0x5EF6,0x520B,0x520B,0x520B,0x520B,0x3D88,0x3D88,0x7FFE,0x7FFE,0x7FFE,0x56B4,0x5652,0x3DCD,0x2928,0x8000,0x8000,
0x8000,0x8000,0x3567,0x520B,0x520B,0x520B,0x5EF6,0x5EF6,0x520B,0x520B,0x3D88,0x3D88,0x7FFE,0x7FFE,0x7FFE,0x7FFE,0x5652,0x3DCD,0x2928,0x8000,0x8000,
0x8000,0x8000,0x3DEF,0x5EF6,0x520B,0x520B,0x520B,0x520B,0x5EF6,0x5EF6,0x3D88,0x4630,0x7FFE,0x7FFE,0x7FFE,0x7FFE,0x7FFE,0x4630,0x2D6B,0x8000,0x8000,
0x8000,0x8000,0x3DEF,0x3DEF,0x5EF6,0x5EF6,0x520B,0x520B,0x520B,0x520B,0x4630,0x3D88,0x7FFE,0x7FFE,0x7FFE,0x4630,0x4630,0x2D6B,0x2D6B,0x8000,0x8000,
0x8000,0x8000,0x8000,0x8000,0x3DEF,0x3DEF,0x5EF6,0x5EF6,0x520B,0x520B,0x3D88,0x3D88,0x7FFE,0x4630,0x4630,0x2D6B,0x2D6B,0x8000,0x8000,0x8000,0x8000,
0x8000,0x8000,0x8000,0x8000,0x8000,0x8000,0x3DEF,0x3DEF,0x5EF6,0x5EF6,0x3D88,0x4630,0x4630,0x2D6B,0x2D6B,0x8000,0x8000,0x8000,0x8000,0x8000,0x8000,
0x8000,0x8000,0x8000,0x8000,0x8000,0x8000,0x8000,0x8000,0x3DEF,0x3DEF,0x4630,0x2D6B,0x2D6B,0x8000,0x8000,0x8000,0x8000,0x8000,0x8000,0x8000,0x8000,
0x8000,0x8000,0x8000,0x8000,0x8000,0x8000,0x8000,0x8000,0x8000,0x8000,0x2D6B,0x8000,0x8000,0x8000,0x8000,0x8000,0x8000,0x8000,0x8000,0x8000,0x8000,
0x8000,0x8000,0x8000,0x8000,0x8000,0x8000,0x8000,0x8000,0x8000,0x8000,0x8000,0x8000,0x8000,0x8000,0x8000,0x8000,0x8000,0x8000,0x8000,0x8000,0x8000},
{0x8000,0x8000,0x8000,0x8000,0x8000,0x8000,0x8000,0x8000,0x8000,0x8000,0x8000,0x8000,0x8000,0x8000,0x8000,0x8000,0x8000,0x8000,0x8000,0x8000,0x8000,
0x8000,0x8000,0x8000,0x8000,0x8000,0x8000,0x8000,0x8000,0x8000,0x8000,0x8000,0x8000,0x8000,0x8000,0x8000,0x8000,0x8000,0x8000,0x8000,0x8000,0x8000,
0x8000,0x8000,0x8000,0x8000,0x8000,0x8000,0x8000,0x8000,0x8000,0x8000,0x4E30,0x8000,0x8000,0x8000,0x8000,0x8000,0x8000,0x8000,0x8000,0x8000,0x8000,
0x8000,0x8000,0x8000,0x8000,0x8000,0x8000,0x8000,0x8000,0x4E30,0x4E30,0x7338,0x2928,0x8000,0x8000,0x8000,0x8000,0x8000,0x8000,0x8000,0x8000,0x8000,
0x8000,0x8000,0x8000,0x8000,0x8000,0x8000,0x4E30,0x4E30,0x7338,0x2928,0x3DCD,0x2928,0x8000,0x8000,0x8000,0x8000,0x8000,0x8000,0x8000,0x8000,0x8000,
0x8000,0x8000,0x8000,0x8000,0x4E30,0x4E30,0x7338,0x2928,0x2928,0x8000,0x2928,0x2928,0x8000,0x8000,0x8000,0x8000,0x8000,0x8000,0x8000,0x8000,0x8000,
0x8000,0x8000,0x4E30,0x4E30,0x7338,0x2928,0x2928,0x8000,0x8000,0x8000,0x2928,0x2928,0x8000,0x8000,0x8000,0x8000,0x4E30,0x4E30,0x4E30,0x8000,0x8000,
0x8000,0x8000,0x398C,0x3DCD,0x2928,0x8000,0x8000,0x8000,0x8000,0x8000,0x2928,0x2928,0x8000,0x8000,0x4E30,0x4E30,0x7338,0x3D88,0x2905,0x8000,0x8000,
0x8000,0x8000,0x398C,0x2928,0x8000,0x2D69,0x8000,0x8000,0x8000,0x8000,0x2928,0x3DCD,0x4E30,0x4E30,0x7338,0x3D88,0x3D88,0x3D88,0x2905,0x8000,0x8000,
0x8000,0x8000,0x398C,0x2928,0x8000,0x2D69,0x8000,0x8000,0x8000,0x8000,0x4E30,0x7338,0x7338,0x3D88,0x3D88,0x3D88,0x3D88,0x3D88,0x2905,0x8000,0x8000,
0x8000,0x8000,0x398C,0x2928,0x8000,0x8000,0x8000,0x8000,0x8000,0x3567,0x7338,0x3D88,0x3D88,0x3D88,0x3D88,0x3D88,0x3D88,0x4630,0x2D6B,0x8000,0x8000,
0x8000,0x8000,0x398C,0x2928,0x8000,0x8000,0x8000,0x8000,0x2D69,0x520B,0x3D88,0x3D88,0x3D88,0x3D88,0x3D88,0x4630,0x4630,0x3D88,0x2905,0x8000,0x8000,
0x8000,0x8000,0x398C,0x2928,0x8000,0x8000,0x8000,0x8000,0x2D69,0x520B,0x3D88,0x3D88,0x3D88,0x4630,0x4630,0x3D88,0x3D88,0x3D88,0x2905,0x8000,0x8000,
0x8000,0x8000,0x398C,0x2928,0x8000,0x8000,0x8000,0x8000,0x8000,0x3DEF,0x3D88,0x4630,0x4630,0x3D88,0x3D88,0x3D88,0x3D88,0x3D88,0x2905,0x8000,0x8000,
0x8000,0x8000,0x398C,0x2928,0x8000,0x8000,0x8000,0x8000,0x8000,0x3567,0x4630,0x3D88,0x3D88,0x3D88,0x3D88,0x3D88,0x3D88,0x4630,0x2D6B,0x8000,0x8000,
0x8000,0x8000,0x398C,0x2928,0x8000,0x8000,0x8000,0x8000,0x8000,0x3567,0x3D88,0x3D88,0x3D88,0x3D88,0x3D88,0x4630,0x4630,0x3D88,0x2905,0x8000,0x8000,
0x8000,0x8000,0x398C,0x2928,0x8000,0x8000,0x8000,0x8000,0x8000,0x3567,0x3D88,0x3D88,0x3D88,0x4630,0x4630,0x3D88,0x3D88,0x3D88,0x2905,0x8000,0x8000,
0x8000,0x8000,0x398C,0x2928,0x8000,0x2D69,0x8000,0x8000,0x56B4,0x5EF6,0x3D88,0x4630,0x4630,0x3D88,0x3D88,0x3D88,0x3D88,0x3D88,0x2905,0x8000,0x8000,
0x8000,0x8000,0x398C,0x2928,0x8000,0x2D69,0x56B4,0x56B4,0x7FFE,0x520B,0x4630,0x3D88,0x3D88,0x3D88,0x3D88,0x3D88,0x3D88,0x4630,0x2D6B,0x8000,0x8000,
0x8000,0x8000,0x398C,0x3DCD,0x56B4,0x7FFE,0x7FFE,0x7FFE,0x7FFE,0x520B,0x3D88,0x3D88,0x3D88,0x3D88,0x3D88,0x4630,0x4630,0x3D88,0x2905,0x8000,0x8000,
0x8000,0x8000,0x398C,0x3DCD,0x7FFE,0x7FFE,0x7FFE,0x7FFE,0x7FFE,0x520B,0x3D88,0x3D88,0x3D88,0x4630,0x4630,0x3D88,0x3D88,0x3D88,0x2905,0x8000,0x8000,
0x8000,0x8000,0x3DEF,0x5EF6,0x7FFE,0x7FFE,0x7FFE,0x7FFE,0x7FFE,0x5EF6,0x3D88,0x4630,0x4630,0x3D88,0x3D88,0x3D88,0x3D88,0x4630,0x2D6B,0x8000,0x8000,
0x8000,0x8000,0x3DEF,0x3DEF,0x5EF6,0x5EF6,0x7FFE,0x7FFE,0x7FFE,0x520B,0x4630,0x3D88,0x3D88,0x3D88,0x3D88,0x4630,0x4630,0x2D6B,0x2D6B,0x8000,0x8000,
0x8000,0x8000,0x8000,0x8000,0x3DEF,0x3DEF,0x5EF6,0x5EF6,0x7FFE,0x520B,0x3D88,0x3D88,0x3D88,0x4630,0x4630,0x2D6B,0x2D6B,0x8000,0x8000,0x8000,0x8000,
0x8000,0x8000,0x8000,0x8000,0x8000,0x8000,0x3DEF,0x3DEF,0x5EF6,0x5EF6,0x3D88,0x4630,0x4630,0x2D6B,0x2D6B,0x8000,0x8000,0x8000,0x8000,0x8000,0x8000,
0x8000,0x8000,0x8000,0x8000,0x8000,0x8000,0x8000,0x8000,0x3DEF,0x3DEF,0x4630,0x2D6B,0x2D6B,0x8000,0x8000,0x8000,0x8000,0x8000,0x8000,0x8000,0x8000,
0x8000,0x8000,0x8000,0x8000,0x8000,0x8000,0x8000,0x8000,0x8000,0x8000,0x2D6B,0x8000,0x8000,0x8000,0x8000,0x8000,0x8000,0x8000,0x8000,0x8000,0x8000,
0x8000,0x8000,0x8000,0x8000,0x8000,0x8000,0x8000,0x8000,0x8000,0x8000,0x8000,0x8000,0x8000,0x8000,0x8000,0x8000,0x8000,0x8000,0x8000,0x8000,0x8000},
{0x8000,0x8000,0x8000,0x8000,0x8000,0x8000,0x8000,0x8000,0x8000,0x8000,0x8000,0x8000,0x8000,0x8000,0x8000,0x8000,0x8000,0x8000,0x8000,0x8000,0x8000,
0x8000,0x8000,0x8000,0x8000,0x8000,0x8000,0x8000,0x8000,0x8000,0x8000,0x8000,0x8000,0x8000,0x8000,0x8000,0x8000,0x8000,0x8000,0x8000,0x8000,0x8000,
0x8000,0x8000,0x8000,0x8000,0x8000,0x8000,0x8000,0x8000,0x8000,0x8000,0x8000,0x8000,0x8000,0x8000,0x8000,0x8000,0x8000,0x8000,0x8000,0x8000,0x8000,
0x8000,0x8000,0x8000,0x8000,0x8000,0x8000,0x8000,0x8000,0x8000,0x8000,0x8000,0x8000,0x8000,0x8000,0x8000,0x8000,0x8000,0x8000,0x8000,0x8000,0x8000,
0x8000,0x8000,0x8000,0x8000,0x8000,0x8000,0x8000,0x8000,0x8000,0x8000,0x8000,0x8000,0x8000,0x8000,0x8000,0x8000,0x8000,0x8000,0x8000,0x8000,0x8000,
0x8000,0x8000,0x8000,0x8000,0x8000,0x8000,0x8000,0x8000,0x8000,0x8000,0x8000,0x8000,0x8000,0x8000,0x8000,0x8000,0x8000,0x8000,0x8000,0x8000,0x8000,
0x8000,0x8000,0x8000,0x8000,0x8000,0x8000,0x8000,0x8000,0x8000,0x8000,0x8000,0x8000,0x8000,0x8000,0x8000,0x8000,0x8000,0x8000,0x8000,0x8000,0x8000,
0x8000,0x8000,0x8000,0x8000,0x8000,0x8000,0x8000,0x8000,0x8000,0x8000,0x8000,0x8000,0x8000,0x8000,0x8000,0x8000,0x8000,0x8000,0x8000,0x8000,0x8000,
0x8000,0x8000,0x8000,0x8000,0x8000,0x8000,0x8000,0x8000,0x8000,0x8000,0x21F4,0x8000,0x8000,0x8000,0x8000,0x8000,0x8000,0x8000,0x8000,0x8000,0x8000,
0x8000,0x8000,0x8000,0x8000,0x8000,0x8000,0x8000,0x8000,0x21F4,0x21F4,0x32FE,0x21F4,0x21F4,0x8000,0x8000,0x8000,0x8000,0x8000,0x8000,0x8000,0x8000,
0x8000,0x8000,0x8000,0x8000,0x8000,0x8000,0x8000,0x8000,0x110C,0x1992,0x32FE,0x32FE,0x32FE,0x21F4,0x21F4,0x8000,0x8000,0x8000,0x8000,0x8000,0x8000,
0x8000,0x8000,0x8000,0x8000,0x8000,0x8000,0x8000,0x8000,0x110C,0x1992,0x1992,0x1992,0x32FE,0x32FE,0x32FE,0x21F4,0x21F4,0x8000,0x8000,0x8000,0x8000,
0x8000,0x8000,0x8000,0x8000,0x8000,0x8000,0x8000,0x8000,0x21F4,0x1992,0x1992,0x1992,0x1992,0x1992,0x32FE,0x32FE,0x32FE,0x21F4,0x21F4,0x8000,0x8000,
0x8000,0x8000,0x8000,0x8000,0x8000,0x8000,0x21F4,0x21F4,0x32FE,0x112E,0x1992,0x1992,0x1992,0x1992,0x1992,0x1992,0x32FE,0x112E,0x8C9,0x8000,0x8000,
0x8000,0x8000,0x8000,0x8000,0x21F4,0x21F4,0x32FE,0x112E,0x112E,0x112E,0x1992,0x1992,0x1992,0x1992,0x1992,0x1992,0x112E,0x112E,0x8C9,0x8000,0x8000,
0x8000,0x8000,0x21F4,0x21F4,0x32FE,0x112E,0x112E,0x112E,0x2239,0x2239,0x2239,0x1992,0x1992,0x1992,0x1992,0x1992,0x112E,0x112E,0x8C9,0x8000,0x8000,
0x8000,0x8000,0x110C,0x112E,0x112E,0x112E,0x2239,0x2239,0x32FE,0x32FE,0x32FE,0x2239,0x2239,0x1992,0x32FE,0x32FE,0x32FE,0x112E,0x8C9,0x8000,0x8000,
0x8000,0x8000,0x110C,0x112E,0x2239,0x2239,0x32FE,0x32FE,0x32FE,0x32FE,0x32FE,0x32FE,0x32FE,0x32FE,0x32FE,0x112E,0x112E,0x112E,0x8C9,0x8000,0x8000,
0x8000,0x8000,0x110C,0x1992,0x2239,0x2239,0x2239,0x32FE,0x32FE,0x32FE,0x32FE,0x32FE,0x32FE,0x112E,0x112E,0x112E,0x112E,0x112E,0x8C9,0x8000,0x8000,
0x8000,0x8000,0x110C,0x1992,0x1992,0x1992,0x2239,0x2239,0x2239,0x1992,0x32FE,0x112E,0x112E,0x112E,0x112E,0x112E,0x112E,0x112E,0x8C9,0x8000,0x8000,
0x8000,0x8000,0x110C,0x1992,0x2636,0x2636,0x1992,0x1992,0x2239,0x1992,0x112E,0x112E,0x112E,0x112E,0x112E,0x112E,0x112E,0x112E,0x8C9,0x8000,0x8000,
0x8000,0x8000,0x110C,0x1992,0x2636,0x2636,0x2636,0x2636,0x1992,0x1992,0x112E,0x112E,0x112E,0x112E,0x112E,0x112E,0x112E,0x112E,0x8C9,0x8000,0x8000,
0x8000,0x8000,0x110C,0x8C9,0x1992,0x1992,0x2636,0x2636,0x1992,0x1992,0x112E,0x112E,0x112E,0x112E,0x112E,0x112E,0x112E,0x8C9,0x8C9,0x8000,0x8000,
0x8000,0x8000,0x8000,0x8000,0x8C9,0x8C9,0x1992,0x1992,0x1992,0x1992,0x112E,0x112E,0x112E,0x112E,0x112E,0x8C9,0x8C9,0x8000,0x8000,0x8000,0x8000,
0x8000,0x8000,0x8000,0x8000,0x8000,0x8000,0x8C9,0x8C9,0x1992,0x1992,0x112E,0x112E,0x112E,0x8C9,0x8C9,0x8000,0x8000,0x8000,0x8000,0x8000,0x8000,
0x8000,0x8000,0x8000,0x8000,0x8000,0x8000,0x8000,0x8000,0x8C9,0x110C,0x112E,0x8C9,0x8C9,0x8000,0x8000,0x8000,0x8000,0x8000,0x8000,0x8000,0x8000,
0x8000,0x8000,0x8000,0x8000,0x8000,0x8000,0x8000,0x8000,0x8000,0x8000,0x8C9,0x8000,0x8000,0x8000,0x8000,0x8000,0x8000,0x8000,0x8000,0x8000,0x8000,
0x8000,0x8000,0x8000,0x8000,0x8000,0x8000,0x8000,0x8000,0x8000,0x8000,0x8000,0x8000,0x8000,0x8000,0x8000,0x8000,0x8000,0x8000,0x8000,0x8000,0x8000},
{0x8000,0x8000,0x8000,0x8000,0x8000,0x8000,0x8000,0x8000,0x8000,0x8000,0x8000,0x8000,0x8000,0x8000,0x8000,0x8000,0x8000,0x8000,0x8000,0x8000,0x8000,
0x8000,0x8000,0x8000,0x8000,0x8000,0x8000,0x8000,0x8000,0x8000,0x8000,0x8000,0x8000,0x8000,0x8000,0x8000,0x8000,0x8000,0x8000,0x8000,0x8000,0x8000,
0x8000,0x8000,0x8000,0x8000,0x8000,0x8000,0x8000,0x8000,0x8000,0x8000,0x8000,0x8000,0x8000,0x8000,0x8000,0x8000,0x8000,0x8000,0x8000,0x8000,0x8000,
0x8000,0x8000,0x8000,0x8000,0x8000,0x8000,0x8000,0x8000,0x8000,0x8000,0x8000,0x8000,0x8000,0x8000,0x8000,0x8000,0x8000,0x8000,0x8000,0x8000,0x8000,
0x8000,0x8000,0x8000,0x8000,0x8000,0x8000,0x8000,0x8000,0x8000,0x8000,0x8000,0x8000,0x8000,0x8000,0x8000,0x8000,0x8000,0x8000,0x8000,0x8000,0x8000,
0x8000,0x8000,0x8000,0x8000,0x8000,0x8000,0x8000,0x8000,0x8000,0x8000,0x8000,0x8000,0x8000,0x8000,0x8000,0x8000,0x8000,0x8000,0x8000,0x8000,0x8000,
0x8000,0x8000,0x8000,0x8000,0x8000,0x8000,0x8000,0x8000,0x8000,0x8000,0x8000,0x8000,0x8000,0x8000,0x8000,0x8000,0x8000,0x8000,0x8000,0x8000,0x8000,
0x8000,0x8000,0x8000,0x8000,0x8000,0x8000,0x8000,0x8000,0x8000,0x8000,0x8000,0x8000,0x8000,0x8000,0x8000,0x8000,0x8000,0x8000,0x8000,0x8000,0x8000,
0x8000,0x8000,0x8000,0x8000,0x8000,0x8000,0x8000,0x8000,0x8000,0x8000,0x21F4,0x8000,0x8000,0x8000,0x8000,0x8000,0x8000,0x8000,0x8000,0x8000,0x8000,
0x8000,0x8000,0x8000,0x8000,0x8000,0x8000,0x8000,0x8000,0x21F4,0x21F4,0x32FE,0x21F4,0x21F4,0x8000,0x8000,0x8000,0x8000,0x8000,0x8000,0x8000,0x8000,
0x8000,0x8000,0x8000,0x8000,0x8000,0x8000,0x21F4,0x21F4,0x32FE,0x32FE,0x32FE,0x112E,0x8C9,0x8000,0x8000,0x8000,0x8000,0x8000,0x8000,0x8000,0x8000,
0x8000,0x8000,0x8000,0x8000,0x21F4,0x21F4,0x32FE,0x32FE,0x32FE,0x112E,0x112E,0x112E,0x8C9,0x8000,0x8000,0x8000,0x8000,0x8000,0x8000,0x8000,0x8000,
0x8000,0x8000,0x21F4,0x21F4,0x32FE,0x32FE,0x32FE,0x112E,0x112E,0x112E,0x112E,0x112E,0x21F4,0x8000,0x8000,0x8000,0x8000,0x8000,0x8000,0x8000,0x8000,
0x8000,0x8000,0x110C,0x1992,0x32FE,0x112E,0x112E,0x112E,0x112E,0x112E,0x112E,0x1992,0x32FE,0x21F4,0x21F4,0x8000,0x8000,0x8000,0x8000,0x8000,0x8000,
0x8000,0x8000,0x110C,0x1992,0x112E,0x112E,0x112E,0x112E,0x112E,0x112E,0x112E,0x1992,0x1992,0x1992,0x32FE,0x21F4,0x21F4,0x8000,0x8000,0x8000,0x8000,
0x8000,0x8000,0x110C,0x1992,0x112E,0x112E,0x112E,0x112E,0x112E,0x112E,0x2239,0x2239,0x2239,0x1992,0x1992,0x1992,0x32FE,0x21F4,0x21F4,0x8000,0x8000,
0x8000,0x8000,0x110C,0x1992,0x32FE,0x32FE,0x32FE,0x112E,0x2239,0x2239,0x32FE,0x32FE,0x32FE,0x2239,0x2239,0x1992,0x1992,0x112E,0x8C9,0x8000,0x8000,
0x8000,0x8000,0x110C,0x1992,0x1992,0x1992,0x32FE,0x32FE,0x32FE,0x32FE,0x32FE,0x32FE,0x32FE,0x32FE,0x32FE,0x2239,0x2239,0x112E,0x8C9,0x8000,0x8000,
0x8000,0x8000,0x110C,0x1992,0x1992,0x1992,0x1992,0x1992,0x32FE,0x32FE,0x32FE,0x32FE,0x32FE,0x32FE,0x2239,0x2239,0x2239,0x112E,0x8C9,0x8000,0x8000,
0x8000,0x8000,0x110C,0x1992,0x1992,0x1992,0x1992,0x1992,0x1992,0x1992,0x32FE,0x112E,0x2239,0x2239,0x2239,0x112E,0x112E,0x112E,0x8C9,0x8000,0x8000,
0x8000,0x8000,0x110C,0x1992,0x1992,0x1992,0x1992,0x1992,0x1992,0x1992,0x112E,0x112E,0x2239,0x112E,0x112E,0x1990,0x112E,0x112E,0x8C9,0x8000,0x8000,
0x8000,0x8000,0x110C,0x1992,0x1992,0x1992,0x1992,0x1992,0x1992,0x1992,0x112E,0x112E,0x112E,0x1990,0x1990,0x1990,0x112E,0x112E,0x8C9,0x8000,0x8000,
0x8000,0x8000,0x110C,0x110C,0x1992,0x1992,0x1992,0x1992,0x1992,0x1992,0x112E,0x112E,0x1990,0x1990,0x1990,0x112E,0x112E,0x486,0x8C9,0x8000,0x8000,
0x8000,0x8000,0x8000,0x8000,0x110C,0x110C,0x1992,0x1992,0x1992,0x1992,0x112E,0x112E,0x1990,0x112E,0x112E,0x486,0x486,0x8000,0x8000,0x8000,0x8000,
0x8000,0x8000,0x8000,0x8000,0x8000,0x8000,0x110C,0x110C,0x1992,0x1992,0x112E,0x112E,0x112E,0x486,0x486,0x8000,0x8000,0x8000,0x8000,0x8000,0x8000,
0x8000,0x8000,0x8000,0x8000,0x8000,0x8000,0x8000,0x8000,0x110C,0x110C,0x112E,0x8C9,0x486,0x8000,0x8000,0x8000,0x8000,0x8000,0x8000,0x8000,0x8000,
0x8000,0x8000,0x8000,0x8000,0x8000,0x8000,0x8000,0x8000,0x8000,0x8000,0x8C9,0x8000,0x8000,0x8000,0x8000,0x8000,0x8000,0x8000,0x8000,0x8000,0x8000,
0x8000,0x8000,0x8000,0x8000,0x8000,0x8000,0x8000,0x8000,0x8000,0x8000,0x8000,0x8000,0x8000,0x8000,0x8000,0x8000,0x8000,0x8000,0x8000,0x8000,0x8000},
{0x8000,0x8000,0x8000,0x8000,0x8000,0x8000,0x8000,0x8000,0x8000,0x8000,0x8000,0x8000,0x8000,0x8000,0x8000,0x8000,0x8000,0x8000,0x8000,0x8000,0x8000,
0x8000,0x8000,0x8000,0x8000,0x8000,0x8000,0x8000,0x8000,0x8000,0x8000,0x8000,0x8000,0x8000,0x8000,0x8000,0x8000,0x8000,0x8000,0x8000,0x8000,0x8000,
0x8000,0x8000,0x8000,0x8000,0x8000,0x8000,0x8000,0x8000,0x8000,0x8000,0x8000,0x8000,0x8000,0x8000,0x8000,0x8000,0x8000,0x8000,0x8000,0x8000,0x8000,
0x8000,0x8000,0x8000,0x8000,0x8000,0x8000,0x8000,0x8000,0x8000,0x8000,0x8000,0x8000,0x8000,0x8000,0x8000,0x8000,0x8000,0x8000,0x8000,0x8000,0x8000,
0x8000,0x8000,0x8000,0x8000,0x8000,0x8000,0x8000,0x8000,0x8000,0x8000,0x8000,0x8000,0x8000,0x8000,0x8000,0x8000,0x8000,0x8000,0x8000,0x8000,0x8000,
0x8000,0x8000,0x8000,0x8000,0x8000,0x8000,0x8000,0x8000,0x8000,0x8000,0x8000,0x8000,0x8000,0x8000,0x8000,0x8000,0x8000,0x8000,0x8000,0x8000,0x8000,
0x8000,0x8000,0x8000,0x8000,0x8000,0x8000,0x8000,0x8000,0x8000,0x8000,0x8000,0x8000,0x8000,0x8000,0x8000,0x8000,0x8000,0x8000,0x8000,0x8000,0x8000,
0x8000,0x8000,0x8000,0x8000,0x8000,0x8000,0x8000,0x8000,0x8000,0x8000,0x8000,0x8000,0x8000,0x8000,0x8000,0x8000,0x8000,0x8000,0x8000,0x8000,0x8000,
0x8000,0x8000,0x8000,0x8000,0x8000,0x8000,0x8000,0x8000,0x8000,0x8000,0x8000,0x8000,0x8000,0x8000,0x8000,0x8000,0x8000,0x8000,0x8000,0x8000,0x8000,
0x8000,0x8000,0x8000,0x8000,0x8000,0x8000,0x8000,0x8000,0x8000,0x8000,0x8000,0x8000,0x8000,0x8000,0x8000,0x8000,0x8000,0x8000,0x8000,0x8000,0x8000,
0x8000,0x8000,0x8000,0x8000,0x8000,0x8000,0x8000,0x8000,0x8000,0x8000,0x8000,0x8000,0x8000,0x8000,0x8000,0x8000,0x8000,0x8000,0x8000,0x8000,0x8000,
0x8000,0x8000,0x8000,0x8000,0x21F4,0x8000,0x8000,0x8000,0x8000,0x8000,0x21F4,0x8000,0x8000,0x8000,0x8000,0x8000,0x8000,0x8000,0x8000,0x8000,0x8000,
0x8000,0x8000,0x21F4,0x21F4,0x32FE,0x21F4,0x21F4,0x8000,0x21F4,0x21F4,0x32FE,0x8C9,0x8000,0x8000,0x8000,0x8000,0x8000,0x8000,0x8000,0x8000,0x8000,
0x8000,0x8000,0x110C,0x1992,0x32FE,0x32FE,0x32FE,0x21F4,0x32FE,0x112E,0x112E,0x8C9,0x8000,0x8000,0x8000,0x8000,0x8000,0x8000,0x8000,0x8000,0x8000,
0x8000,0x8000,0x110C,0x1992,0x1992,0x1992,0x32FE,0x32FE,0x32FE,0x32FE,0x32FE,0x2239,0x1571,0x8000,0x8000,0x8000,0x8000,0x8000,0x8000,0x8000,0x8000,
0x8000,0x8000,0x110C,0x1992,0x1992,0x1992,0x1992,0x1992,0x32FE,0x32FE,0x32FE,0x32FE,0x32FE,0x1571,0x1571,0x8000,0x21F4,0x21F4,0x21F4,0x8000,0x8000,
0x8000,0x8000,0x110C,0x1992,0x1992,0x1992,0x1992,0x1992,0x1992,0x1992,0x32FE,0x112E,0x112E,0x32FE,0x32FE,0x21F4,0x32FE,0x112E,0x8C9,0x8000,0x8000,
0x8000,0x8000,0x110C,0x1992,0x1992,0x1992,0x1992,0x1992,0x1992,0x1992,0x112E,0x112E,0x112E,0x32FE,0x32FE,0x112E,0x112E,0x112E,0x8C9,0x8000,0x8000,
0x8000,0x8000,0x110C,0x1992,0x1992,0x1992,0x1992,0x1992,0x1992,0x1992,0x112E,0x112E,0x112E,0x112E,0x112E,0x112E,0x112E,0x112E,0x8C9,0x8000,0x8000,
0x8000,0x8000,0x110C,0x1992,0x1992,0x1992,0x1992,0x1992,0x1992,0x1992,0x112E,0x112E,0x112E,0x112E,0x112E,0x112E,0x112E,0x112E,0x8C9,0x8000,0x8000,
0x8000,0x8000,0x110C,0x1992,0x1992,0x1992,0x1992,0x1992,0x1992,0x1992,0x112E,0x112E,0x112E,0x112E,0x112E,0x112E,0x112E,0x112E,0x8C9,0x8000,0x8000,
0x8000,0x8000,0x110C,0x1992,0x1992,0x1992,0x1992,0x1992,0x1992,0x1992,0x112E,0x112E,0x112E,0x112E,0x112E,0x112E,0x112E,0x112E,0x8C9,0x8000,0x8000,
0x8000,0x8000,0x110C,0x110C,0x1992,0x1992,0x1992,0x1992,0x1992,0x1992,0x112E,0x112E,0x112E,0x112E,0x112E,0x112E,0x112E,0x8C9,0x8C9,0x8000,0x8000,
0x8000,0x8000,0x8000,0x8000,0x110C,0x110C,0x1992,0x1992,0x1992,0x1992,0x112E,0x112E,0x112E,0x112E,0x112E,0x8C9,0x8C9,0x8000,0x8000,0x8000,0x8000,
0x8000,0x8000,0x8000,0x8000,0x8000,0x8000,0x110C,0x110C,0x1992,0x1992,0x112E,0x112E,0x112E,0x8C9,0x8C9,0x8000,0x8000,0x8000,0x8000,0x8000,0x8000,
0x8000,0x8000,0x8000,0x8000,0x8000,0x8000,0x8000,0x8000,0x110C,0x110C,0x112E,0x8C9,0x8C9,0x8000,0x8000,0x8000,0x8000,0x8000,0x8000,0x8000,0x8000,
0x8000,0x8000,0x8000,0x8000,0x8000,0x8000,0x8000,0x8000,0x8000,0x8000,0x8C9,0x8000,0x8000,0x8000,0x8000,0x8000,0x8000,0x8000,0x8000,0x8000,0x8000,
0x8000,0x8000,0x8000,0x8000,0x8000,0x8000,0x8000,0x8000,0x8000,0x8000,0x8000,0x8000,0x8000,0x8000,0x8000,0x8000,0x8000,0x8000,0x8000,0x8000,0x8000},
{0x8000,0x8000,0x8000,0x8000,0x8000,0x8000,0x8000,0x8000,0x8000,0x8000,0x8000,0x8000,0x8000,0x8000,0x8000,0x8000,0x8000,0x8000,0x8000,0x8000,0x8000,
0x8000,0x8000,0x8000,0x8000,0x8000,0x8000,0x8000,0x8000,0x8000,0x8000,0x8000,0x8000,0x8000,0x8000,0x8000,0x8000,0x8000,0x8000,0x8000,0x8000,0x8000,
0x8000,0x8000,0x8000,0x8000,0x8000,0x8000,0x8000,0x8000,0x8000,0x8000,0x8000,0x8000,0x8000,0x8000,0x8000,0x8000,0x8000,0x8000,0x8000,0x8000,0x8000,
0x8000,0x8000,0x8000,0x8000,0x8000,0x8000,0x8000,0x8000,0x8000,0x8000,0x8000,0x8000,0x8000,0x8000,0x8000,0x8000,0x8000,0x8000,0x8000,0x8000,0x8000,
0x8000,0x8000,0x8000,0x8000,0x8000,0x8000,0x8000,0x8000,0x8000,0x8000,0x8000,0x8000,0x8000,0x8000,0x8000,0x8000,0x8000,0x8000,0x8000,0x8000,0x8000,
0x8000,0x8000,0x8000,0x8000,0x8000,0x8000,0x8000,0x8000,0x8000,0x8000,0x8000,0x8000,0x8000,0x8000,0x8000,0x8000,0x8000,0x8000,0x8000,0x8000,0x8000,
0x8000,0x8000,0x8000,0x8000,0x8000,0x8000,0x8000,0x8000,0x8000,0x8000,0x8000,0x8000,0x8000,0x8000,0x8000,0x8000,0x8000,0x8000,0x8000,0x8000,0x8000,
0x8000,0x8000,0x8000,0x8000,0x8000,0x8000,0x8000,0x8000,0x8000,0x8000,0x8000,0x8000,0x8000,0x8000,0x8000,0x8000,0x8000,0x8000,0x8000,0x8000,0x8000,
0x8000,0x8000,0x8000,0x8000,0x8000,0x8000,0x8000,0x8000,0x8000,0x8000,0x8000,0x8000,0x8000,0x8000,0x8000,0x8000,0x8000,0x8000,0x8000,0x8000,0x8000,
0x8000,0x8000,0x8000,0x8000,0x8000,0x8000,0x8000,0x8000,0x8000,0x8000,0x8000,0x8000,0x8000,0x8000,0x8000,0x8000,0x8000,0x8000,0x8000,0x8000,0x8000,
0x8000,0x8000,0x8000,0x8000,0x8000,0x8000,0x8000,0x8000,0x8000,0x8000,0x8000,0x8000,0x8000,0x8000,0x8000,0x8000,0x8000,0x8000,0x8000,0x8000,0x8000,
0x8000,0x8000,0x8000,0x8000,0x8000,0x8000,0x8000,0x8000,0x8000,0x8000,0x21F4,0x8000,0x8000,0x8000,0x8000,0x8000,0x21F4,0x8000,0x8000,0x8000,0x8000,
0x8000,0x8000,0x8000,0x8000,0x8000,0x8000,0x8000,0x8000,0x8000,0x110C,0x32FE,0x21F4,0x21F4,0x8000,0x21F4,0x21F4,0x32FE,0x21F4,0x21F4,0x8000,0x8000,
0x8000,0x8000,0x8000,0x8000,0x8000,0x8000,0x8000,0x8000,0x8000,0x110C,0x1992,0x1992,0x32FE,0x21F4,0x32FE,0x32FE,0x32FE,0x112E,0x8C9,0x8000,0x8000,
0x8000,0x8000,0x8000,0x8000,0x8000,0x8000,0x8000,0x8000,0x1571,0x2239,0x32FE,0x32FE,0x32FE,0x32FE,0x32FE,0x112E,0x112E,0x112E,0x8C9,0x8000,0x8000,
0x8000,0x8000,0x21F4,0x21F4,0x21F4,0x8000,0x1571,0x1571,0x32FE,0x32FE,0x32FE,0x32FE,0x32FE,0x112E,0x112E,0x112E,0x112E,0x112E,0x8C9,0x8000,0x8000,
0x8000,0x8000,0x110C,0x1992,0x32FE,0x21F4,0x32FE,0x32FE,0x1992,0x1992,0x32FE,0x112E,0x112E,0x112E,0x112E,0x112E,0x112E,0x112E,0x8C9,0x8000,0x8000,
0x8000,0x8000,0x110C,0x1992,0x1992,0x1992,0x32FE,0x32FE,0x1992,0x1992,0x112E,0x112E,0x112E,0x112E,0x112E,0x112E,0x112E,0x112E,0x8C9,0x8000,0x8000,
0x8000,0x8000,0x110C,0x1992,0x1992,0x1992,0x1992,0x1992,0x1992,0x1992,0x112E,0x112E,0x112E,0x112E,0x112E,0x112E,0x112E,0x112E,0x8C9,0x8000,0x8000,
0x8000,0x8000,0x110C,0x1992,0x1992,0x1992,0x1992,0x1992,0x1992,0x1992,0x112E,0x112E,0x112E,0x112E,0x112E,0x112E,0x112E,0x112E,0x8C9,0x8000,0x8000,
0x8000,0x8000,0x110C,0x1992,0x1992,0x1992,0x1992,0x1992,0x1992,0x1992,0x112E,0x112E,0x112E,0x112E,0x112E,0x112E,0x112E,0x112E,0x8C9,0x8000,0x8000,
0x8000,0x8000,0x110C,0x1992,0x1992,0x1992,0x1992,0x1992,0x1992,0x1992,0x112E,0x112E,0x112E,0x112E,0x112E,0x112E,0x112E,0x112E,0x8C9,0x8000,0x8000,
0x8000,0x8000,0x110C,0x110C,0x1992,0x1992,0x1992,0x1992,0x1992,0x1992,0x112E,0x112E,0x112E,0x112E,0x112E,0x112E,0x112E,0x8C9,0x8C9,0x8000,0x8000,
0x8000,0x8000,0x8000,0x8000,0x110C,0x110C,0x1992,0x1992,0x1992,0x1992,0x112E,0x112E,0x112E,0x112E,0x112E,0x8C9,0x8C9,0x8000,0x8000,0x8000,0x8000,
0x8000,0x8000,0x8000,0x8000,0x8000,0x8000,0x110C,0x110C,0x1992,0x1992,0x112E,0x112E,0x112E,0x8C9,0x8C9,0x8000,0x8000,0x8000,0x8000,0x8000,0x8000,
0x8000,0x8000,0x8000,0x8000,0x8000,0x8000,0x8000,0x8000,0x110C,0x110C,0x112E,0x8C9,0x8C9,0x8000,0x8000,0x8000,0x8000,0x8000,0x8000,0x8000,0x8000,
0x8000,0x8000,0x8000,0x8000,0x8000,0x8000,0x8000,0x8000,0x8000,0x8000,0x8C9,0x8000,0x8000,0x8000,0x8000,0x8000,0x8000,0x8000,0x8000,0x8000,0x8000,
0x8000,0x8000,0x8000,0x8000,0x8000,0x8000,0x8000,0x8000,0x8000,0x8000,0x8000,0x8000,0x8000,0x8000,0x8000,0x8000,0x8000,0x8000,0x8000,0x8000,0x8000},
{0x8000,0x8000,0x8000,0x8000,0x8000,0x8000,0x8000,0x8000,0x8000,0x8000,0x8000,0x8000,0x8000,0x8000,0x8000,0x8000,0x8000,0x8000,0x8000,0x8000,0x8000,
0x8000,0x8000,0x8000,0x8000,0x8000,0x8000,0x8000,0x8000,0x8000,0x8000,0x8000,0x8000,0x8000,0x8000,0x8000,0x8000,0x8000,0x8000,0x8000,0x8000,0x8000,
0x8000,0x8000,0x8000,0x8000,0x8000,0x8000,0x8000,0x8000,0x8000,0x8000,0x8000,0x8000,0x8000,0x8000,0x8000,0x8000,0x8000,0x8000,0x8000,0x8000,0x8000,
0x8000,0x8000,0x8000,0x8000,0x8000,0x8000,0x8000,0x8000,0x8000,0x8000,0x8000,0x8000,0x8000,0x8000,0x8000,0x8000,0x8000,0x8000,0x8000,0x8000,0x8000,
0x8000,0x8000,0x8000,0x8000,0x8000,0x8000,0x8000,0x8000,0x8000,0x8000,0x8000,0x8000,0x8000,0x8000,0x8000,0x8000,0x8000,0x8000,0x8000,0x8000,0x8000,
0x8000,0x8000,0x8000,0x8000,0x8000,0x8000,0x8000,0x8000,0x8000,0x8000,0x8000,0x8000,0x8000,0x8000,0x8000,0x8000,0x8000,0x8000,0x8000,0x8000,0x8000,
0x8000,0x8000,0x8000,0x8000,0x8000,0x8000,0x8000,0x8000,0x8000,0x8000,0x4125,0x8000,0x8000,0x8000,0x8000,0x8000,0x8000,0x8000,0x8000,0x8000,0x8000,
0x8000,0x8000,0x8000,0x8000,0x8000,0x8000,0x8000,0x8000,0x8000,0x3DC8,0x61C8,0x4125,0x4125,0x8000,0x8000,0x8000,0x8000,0x8000,0x8000,0x8000,0x8000,
0x8000,0x8000,0x8000,0x8000,0x8000,0x8000,0x8000,0x8000,0x4125,0x61C8,0x61C8,0x5EAD,0x7FB8,0x5670,0x5670,0x8000,0x8000,0x8000,0x8000,0x8000,0x8000,
0x8000,0x8000,0x8000,0x8000,0x8000,0x8000,0x8000,0x8000,0x3D04,0x5DA7,0x61C8,0x61C8,0x7FB8,0x5EAD,0x61C8,0x4125,0x4125,0x8000,0x8000,0x8000,0x8000,
0x8000,0x8000,0x8000,0x8000,0x8000,0x8000,0x8000,0x8000,0x4125,0x5DA7,0x5DA7,0x5DA7,0x7FB8,0x7FB8,0x61C8,0x5EAD,0x61C8,0x4125,0x4125,0x8000,0x8000,
0x8000,0x8000,0x8000,0x8000,0x8000,0x8000,0x8000,0x3D04,0x61C8,0x61C8,0x61C8,0x5DA7,0x5DA7,0x5DA7,0x61C8,0x61C8,0x61C8,0x24A2,0x1861,0x8000,0x8000,
0x8000,0x8000,0x8000,0x8000,0x8000,0x8000,0x8000,0x3D04,0x5DA7,0x5DA7,0x7FB8,0x7FB8,0x7FB8,0x5DA7,0x5DA7,0x5DA7,0x61C8,0x24A2,0x1861,0x8000,0x8000,
0x8000,0x8000,0x8000,0x8000,0x8000,0x8000,0x4125,0x61C8,0x61C8,0x5DA7,0x5DA7,0x5DA7,0x61C8,0x61C8,0x61C8,0x5DA7,0x24A2,0x24A2,0x1861,0x8000,0x8000,
0x8000,0x8000,0x8000,0x8000,0x8000,0x8000,0x4125,0x5EAD,0x61C8,0x61C8,0x7FB8,0x5DA7,0x5DA7,0x5DA7,0x61C8,0x61C8,0x61C8,0x24A2,0x1861,0x8000,0x8000,
0x8000,0x8000,0x8000,0x8000,0x8000,0x3D04,0x61C8,0x61C8,0x61C8,0x5EAD,0x7FB8,0x7FB8,0x61C8,0x5DA7,0x5DA7,0x24A2,0x24A2,0x24A2,0x1861,0x8000,0x8000,
0x8000,0x8000,0x8000,0x8000,0x8000,0x3D04,0x5DA7,0x5DA7,0x7FB8,0x7FB8,0x7FB8,0x5EAD,0x61C8,0x61C8,0x61C8,0x24A2,0x24A2,0x24A2,0x1861,0x8000,0x8000,
0x8000,0x8000,0x8000,0x8000,0x4125,0x61C8,0x61C8,0x5DA7,0x5DA7,0x5DA7,0x61C8,0x61C8,0x61C8,0x5EAD,0x61C8,0x24A2,0x24A2,0x24A2,0x1861,0x8000,0x8000,
0x8000,0x8000,0x8000,0x8000,0x3D04,0x5DA7,0x61C8,0x61C8,0x7FB8,0x5DA7,0x5DA7,0x5DA7,0x61C8,0x61C8,0x61C8,0x24A2,0x24A2,0x24A2,0x1861,0x8000,0x8000,
0x8000,0x8000,0x8000,0x8000,0x4125,0x5DA7,0x5DA7,0x5DA7,0x7FB8,0x7FB8,0x61C8,0x5DA7,0x5DA7,0x24A2,0x24A2,0x24A2,0x24A2,0x24A2,0x1861,0x8000,0x8000,
0x8000,0x8000,0x8000,0x3DC8,0x61C8,0x61C8,0x61C8,0x5DA7,0x5DA7,0x5DA7,0x61C8,0x61C8,0x61C8,0x24A2,0x24A2,0x24A2,0x24A2,0x24A2,0x1861,0x8000,0x8000,
0x8000,0x8000,0x4125,0x61C8,0x61C8,0x5EAD,0x7FB8,0x7FB8,0x7FB8,0x5DA7,0x5DA7,0x5DA7,0x61C8,0x24A2,0x24A2,0x24A2,0x24A2,0x24A2,0x1861,0x8000,0x8000,
0x8000,0x8000,0x3D04,0x3D04,0x61C8,0x61C8,0x7FB8,0x5EAD,0x61C8,0x61C8,0x61C8,0x5DA7,0x24A2,0x24A2,0x24A2,0x24A2,0x24A2,0x1861,0x1861,0x8000,0x8000,
0x8000,0x8000,0x8000,0x8000,0x3D04,0x3D04,0x7FB8,0x7FB8,0x61C8,0x5EAD,0x61C8,0x61C8,0x61C8,0x24A2,0x24A2,0x1861,0x1861,0x8000,0x8000,0x8000,0x8000,
0x8000,0x8000,0x8000,0x8000,0x8000,0x8000,0x3D04,0x3D04,0x61C8,0x61C8,0x61C8,0x24A2,0x24A2,0x1861,0x1861,0x8000,0x8000,0x8000,0x8000,0x8000,0x8000,
0x8000,0x8000,0x8000,0x8000,0x8000,0x8000,0x8000,0x8000,0x3D04,0x3D04,0x61C8,0x1861,0x1861,0x8000,0x8000,0x8000,0x8000,0x8000,0x8000,0x8000,0x8000,
0x8000,0x8000,0x8000,0x8000,0x8000,0x8000,0x8000,0x8000,0x8000,0x8000,0x1861,0x8000,0x8000,0x8000,0x8000,0x8000,0x8000,0x8000,0x8000,0x8000,0x8000,
0x8000,0x8000,0x8000,0x8000,0x8000,0x8000,0x8000,0x8000,0x8000,0x8000,0x8000,0x8000,0x8000,0x8000,0x8000,0x8000,0x8000,0x8000,0x8000,0x8000,0x8000},
{0x8000,0x8000,0x8000,0x8000,0x8000,0x8000,0x8000,0x8000,0x8000,0x8000,0x8000,0x8000,0x8000,0x8000,0x8000,0x8000,0x8000,0x8000,0x8000,0x8000,0x8000,
0x8000,0x8000,0x8000,0x8000,0x8000,0x8000,0x8000,0x8000,0x8000,0x8000,0x8000,0x8000,0x8000,0x8000,0x8000,0x8000,0x8000,0x8000,0x8000,0x8000,0x8000,
0x8000,0x8000,0x8000,0x8000,0x8000,0x8000,0x8000,0x8000,0x8000,0x8000,0x8000,0x8000,0x8000,0x8000,0x8000,0x8000,0x8000,0x8000,0x8000,0x8000,0x8000,
0x8000,0x8000,0x8000,0x8000,0x8000,0x8000,0x8000,0x8000,0x8000,0x8000,0x8000,0x8000,0x8000,0x8000,0x8000,0x8000,0x8000,0x8000,0x8000,0x8000,0x8000,
0x8000,0x8000,0x8000,0x8000,0x8000,0x8000,0x8000,0x8000,0x8000,0x8000,0x8000,0x8000,0x8000,0x8000,0x8000,0x8000,0x8000,0x8000,0x8000,0x8000,0x8000,
0x8000,0x8000,0x8000,0x8000,0x8000,0x8000,0x8000,0x8000,0x8000,0x8000,0x8000,0x8000,0x8000,0x8000,0x8000,0x8000,0x8000,0x8000,0x8000,0x8000,0x8000,
0x8000,0x8000,0x8000,0x8000,0x8000,0x8000,0x8000,0x8000,0x8000,0x8000,0x4125,0x8000,0x8000,0x8000,0x8000,0x8000,0x8000,0x8000,0x8000,0x8000,0x8000,
0x8000,0x8000,0x8000,0x8000,0x8000,0x8000,0x8000,0x8000,0x4125,0x4125,0x61C8,0x2D66,0x8000,0x8000,0x8000,0x8000,0x8000,0x8000,0x8000,0x8000,0x8000,
0x8000,0x8000,0x8000,0x8000,0x8000,0x8000,0x5670,0x5670,0x7FB8,0x460A,0x61C8,0x61C8,0x4125,0x8000,0x8000,0x8000,0x8000,0x8000,0x8000,0x8000,0x8000,
0x8000,0x8000,0x8000,0x8000,0x4125,0x4125,0x61C8,0x460A,0x7FB8,0x61C8,0x61C8,0x4545,0x2CC3,0x8000,0x8000,0x8000,0x8000,0x8000,0x8000,0x8000,0x8000,
0x8000,0x8000,0x4125,0x4125,0x61C8,0x460A,0x61C8,0x7FB8,0x7FB8,0x4545,0x4545,0x4545,0x4125,0x8000,0x8000,0x8000,0x8000,0x8000,0x8000,0x8000,0x8000,
0x8000,0x8000,0x2082,0x460A,0x61C8,0x61C8,0x61C8,0x4545,0x4545,0x4545,0x61C8,0x61C8,0x61C8,0x2CC3,0x8000,0x8000,0x8000,0x8000,0x8000,0x8000,0x8000,
0x8000,0x8000,0x2082,0x30C3,0x61C8,0x4545,0x4545,0x4545,0x7FB8,0x7FB8,0x7FB8,0x4545,0x4545,0x2CC3,0x8000,0x8000,0x8000,0x8000,0x8000,0x8000,0x8000,
0x8000,0x8000,0x2082,0x30C3,0x4545,0x4545,0x61C8,0x61C8,0x61C8,0x4545,0x4545,0x4545,0x61C8,0x61C8,0x4125,0x8000,0x8000,0x8000,0x8000,0x8000,0x8000,
0x8000,0x8000,0x2082,0x30C3,0x61C8,0x61C8,0x61C8,0x4545,0x4545,0x4545,0x7FB8,0x61C8,0x61C8,0x460A,0x4125,0x8000,0x8000,0x8000,0x8000,0x8000,0x8000,
0x8000,0x8000,0x2082,0x30C3,0x30C3,0x4545,0x4545,0x4545,0x61C8,0x7FB8,0x7FB8,0x460A,0x61C8,0x61C8,0x61C8,0x2CC3,0x8000,0x8000,0x8000,0x8000,0x8000,
0x8000,0x8000,0x2082,0x30C3,0x30C3,0x4545,0x61C8,0x61C8,0x61C8,0x460A,0x7FB8,0x7FB8,0x7FB8,0x4545,0x4545,0x2CC3,0x8000,0x8000,0x8000,0x8000,0x8000,
0x8000,0x8000,0x2082,0x30C3,0x30C3,0x30C3,0x61C8,0x460A,0x61C8,0x61C8,0x61C8,0x4545,0x4545,0x4545,0x61C8,0x61C8,0x4125,0x8000,0x8000,0x8000,0x8000,
0x8000,0x8000,0x2082,0x30C3,0x30C3,0x30C3,0x61C8,0x61C8,0x61C8,0x4545,0x4545,0x4545,0x7FB8,0x61C8,0x61C8,0x4545,0x2CC3,0x8000,0x8000,0x8000,0x8000,
0x8000,0x8000,0x2082,0x30C3,0x30C3,0x30C3,0x30C3,0x4545,0x4545,0x4545,0x61C8,0x7FB8,0x7FB8,0x4545,0x4545,0x4545,0x4125,0x8000,0x8000,0x8000,0x8000,
0x8000,0x8000,0x2082,0x30C3,0x30C3,0x30C3,0x30C3,0x4545,0x61C8,0x61C8,0x61C8,0x4545,0x4545,0x4545,0x61C8,0x61C8,0x61C8,0x2D66,0x8000,0x8000,0x8000,
0x8000,0x8000,0x2082,0x30C3,0x30C3,0x30C3,0x30C3,0x30C3,0x61C8,0x4545,0x4545,0x4545,0x7FB8,0x7FB8,0x7FB8,0x460A,0x61C8,0x61C8,0x4125,0x8000,0x8000,
0x8000,0x8000,0x2082,0x2082,0x30C3,0x30C3,0x30C3,0x30C3,0x4545,0x4545,0x61C8,0x61C8,0x61C8,0x460A,0x7FB8,0x61C8,0x61C8,0x2CC3,0x2CC3,0x8000,0x8000,
0x8000,0x8000,0x8000,0x8000,0x2082,0x2082,0x30C3,0x30C3,0x61C8,0x61C8,0x61C8,0x460A,0x61C8,0x7FB8,0x7FB8,0x2CC3,0x2CC3,0x8000,0x8000,0x8000,0x8000,
0x8000,0x8000,0x8000,0x8000,0x8000,0x8000,0x2082,0x2082,0x30C3,0x460A,0x61C8,0x61C8,0x61C8,0x2CC3,0x2CC3,0x8000,0x8000,0x8000,0x8000,0x8000,0x8000,
0x8000,0x8000,0x8000,0x8000,0x8000,0x8000,0x8000,0x8000,0x2082,0x2082,0x61C8,0x2CC3,0x2CC3,0x8000,0x8000,0x8000,0x8000,0x8000,0x8000,0x8000,0x8000,
0x8000,0x8000,0x8000,0x8000,0x8000,0x8000,0x8000,0x8000,0x8000,0x8000,0x2CC3,0x8000,0x8000,0x8000,0x8000,0x8000,0x8000,0x8000,0x8000,0x8000,0x8000,
0x8000,0x8000,0x8000,0x8000,0x8000,0x8000,0x8000,0x8000,0x8000,0x8000,0x8000,0x8000,0x8000,0x8000,0x8000,0x8000,0x8000,0x8000,0x8000,0x8000,0x8000},
{0x8000,0x8000,0x8000,0x8000,0x8000,0x8000,0x8000,0x8000,0x8000,0x8000,0x8000,0x8000,0x8000,0x8000,0x8000,0x8000,0x8000,0x8000,0x8000,0x8000,0x8000,
0x8000,0x8000,0x8000,0x8000,0x8000,0x8000,0x8000,0x8000,0x8000,0x8000,0x8000,0x8000,0x8000,0x8000,0x8000,0x8000,0x8000,0x8000,0x8000,0x8000,0x8000,
0x8000,0x8000,0x8000,0x8000,0x8000,0x8000,0x8000,0x8000,0x8000,0x8000,0x8000,0x8000,0x8000,0x8000,0x8000,0x8000,0x8000,0x8000,0x8000,0x8000,0x8000,
0x8000,0x8000,0x8000,0x8000,0x8000,0x8000,0x8000,0x8000,0x8000,0x8000,0x8000,0x8000,0x8000,0x8000,0x8000,0x8000,0x8000,0x8000,0x8000,0x8000,0x8000,
0x8000,0x8000,0x8000,0x8000,0x8000,0x8000,0x8000,0x8000,0x8000,0x8000,0x8000,0x8000,0x8000,0x8000,0x8000,0x8000,0x8000,0x8000,0x8000,0x8000,0x8000,
0x8000,0x8000,0x8000,0x8000,0x8000,0x8000,0x8000,0x8000,0x8000,0x8000,0x8000,0x8000,0x8000,0x8000,0x8000,0x8000,0x8000,0x8000,0x8000,0x8000,0x8000,
0x8000,0x8000,0x8000,0x8000,0x8000,0x8000,0x8000,0x8000,0x8000,0x8000,0x8000,0x8000,0x8000,0x8000,0x8000,0x8000,0x8000,0x8000,0x8000,0x8000,0x8000,
0x8000,0x8000,0x8000,0x8000,0x8000,0x8000,0x8000,0x8000,0x8000,0x8000,0x8000,0x8000,0x8000,0x8000,0x8000,0x8000,0x8000,0x8000,0x8000,0x8000,0x8000,
0x8000,0x8000,0x8000,0x8000,0x8000,0x8000,0x8000,0x8000,0x8000,0x8000,0x8000,0x8000,0x8000,0x8000,0x8000,0x8000,0x8000,0x8000,0x8000,0x8000,0x8000,
0x8000,0x8000,0x8000,0x8000,0x8000,0x8000,0x8000,0x8000,0x8000,0x8000,0x8000,0x8000,0x8000,0x8000,0x8000,0x8000,0x8000,0x8000,0x8000,0x8000,0x8000,
0x8000,0x8000,0x4125,0x4125,0x4125,0x8000,0x8000,0x8000,0x8000,0x8000,0x8000,0x8000,0x8000,0x8000,0x8000,0x8000,0x8000,0x8000,0x8000,0x8000,0x8000,
0x8000,0x8000,0x2082,0x30C3,0x61C8,0x4125,0x5670,0x8000,0x8000,0x8000,0x8000,0x8000,0x8000,0x8000,0x8000,0x8000,0x8000,0x8000,0x8000,0x8000,0x8000,
0x8000,0x8000,0x2082,0x30C3,0x30C3,0x30C3,0x7FB8,0x5670,0x4125,0x8000,0x8000,0x8000,0x8000,0x8000,0x8000,0x8000,0x8000,0x8000,0x8000,0x8000,0x8000,
0x8000,0x8000,0x2082,0x30C3,0x30C3,0x30C3,0x30C3,0x30C3,0x61C8,0x4125,0x4125,0x8000,0x8000,0x8000,0x8000,0x8000,0x8000,0x8000,0x8000,0x8000,0x8000,
0x8000,0x8000,0x2082,0x30C3,0x30C3,0x30C3,0x30C3,0x30C3,0x30C3,0x30C3,0x61C8,0x1861,0x4125,0x8000,0x8000,0x8000,0x8000,0x8000,0x8000,0x8000,0x8000,
0x8000,0x8000,0x2082,0x30C3,0x30C3,0x30C3,0x30C3,0x30C3,0x30C3,0x30C3,0x24A2,0x24A2,0x1861,0x8000,0x8000,0x8000,0x8000,0x8000,0x8000,0x8000,0x8000,
0x8000,0x8000,0x2082,0x30C3,0x30C3,0x30C3,0x30C3,0x30C3,0x30C3,0x30C3,0x24A2,0x24A2,0x24A2,0x1861,0x8000,0x8000,0x8000,0x8000,0x8000,0x8000,0x8000,
0x8000,0x8000,0x2082,0x30C3,0x30C3,0x30C3,0x30C3,0x30C3,0x30C3,0x30C3,0x24A2,0x24A2,0x24A2,0x24A2,0x4125,0x8000,0x8000,0x8000,0x8000,0x8000,0x8000,
0x8000,0x8000,0x2082,0x30C3,0x30C3,0x30C3,0x30C3,0x30C3,0x30C3,0x30C3,0x24A2,0x24A2,0x24A2,0x24A2,0x24A2,0x1861,0x8000,0x8000,0x8000,0x8000,0x8000,
0x8000,0x8000,0x2082,0x30C3,0x30C3,0x30C3,0x30C3,0x30C3,0x30C3,0x30C3,0x24A2,0x24A2,0x24A2,0x24A2,0x24A2,0x24A2,0x4125,0x8000,0x8000,0x8000,0x8000,
0x8000,0x8000,0x2082,0x30C3,0x30C3,0x30C3,0x30C3,0x30C3,0x30C3,0x30C3,0x24A2,0x24A2,0x24A2,0x24A2,0x24A2,0x24A2,0x1861,0x8000,0x8000,0x8000,0x8000,
0x8000,0x8000,0x2082,0x30C3,0x30C3,0x30C3,0x30C3,0x30C3,0x30C3,0x30C3,0x24A2,0x24A2,0x24A2,0x24A2,0x24A2,0x24A2,0x24A2,0x1861,0x4125,0x8000,0x8000,
0x8000,0x8000,0x2082,0x2082,0x30C3,0x30C3,0x30C3,0x30C3,0x30C3,0x30C3,0x24A2,0x24A2,0x24A2,0x24A2,0x24A2,0x24A2,0x24A2,0x1861,0x1861,0x8000,0x8000,
0x8000,0x8000,0x8000,0x8000,0x2082,0x2082,0x30C3,0x30C3,0x30C3,0x30C3,0x24A2,0x24A2,0x24A2,0x24A2,0x24A2,0x1861,0x1861,0x8000,0x8000,0x8000,0x8000,
0x8000,0x8000,0x8000,0x8000,0x8000,0x8000,0x2082,0x2082,0x30C3,0x30C3,0x24A2,0x24A2,0x24A2,0x1861,0x1861,0x8000,0x8000,0x8000,0x8000,0x8000,0x8000,
0x8000,0x8000,0x8000,0x8000,0x8000,0x8000,0x8000,0x8000,0x2082,0x2082,0x24A2,0x1861,0x1861,0x8000,0x8000,0x8000,0x8000,0x8000,0x8000,0x8000,0x8000,
0x8000,0x8000,0x8000,0x8000,0x8000,0x8000,0x8000,0x8000,0x8000,0x8000,0x1861,0x8000,0x8000,0x8000,0x8000,0x8000,0x8000,0x8000,0x8000,0x8000,0x8000,
0x8000,0x8000,0x8000,0x8000,0x8000,0x8000,0x8000,0x8000,0x8000,0x8000,0x8000,0x8000,0x8000,0x8000,0x8000,0x8000,0x8000,0x8000,0x8000,0x8000,0x8000},
{0x8000,0x8000,0x8000,0x8000,0x8000,0x8000,0x8000,0x8000,0x8000,0x8000,0x8000,0x8000,0x8000,0x8000,0x8000,0x8000,0x8000,0x8000,0x8000,0x8000,0x8000,
0x8000,0x8000,0x8000,0x8000,0x8000,0x8000,0x8000,0x8000,0x8000,0x8000,0x8000,0x8000,0x8000,0x8000,0x8000,0x8000,0x8000,0x8000,0x8000,0x8000,0x8000,
0x8000,0x8000,0x8000,0x8000,0x8000,0x8000,0x8000,0x8000,0x8000,0x8000,0x8000,0x8000,0x8000,0x8000,0x8000,0x8000,0x8000,0x8000,0x8000,0x8000,0x8000,
0x8000,0x8000,0x8000,0x8000,0x8000,0x8000,0x8000,0x8000,0x8000,0x8000,0x8000,0x8000,0x8000,0x8000,0x8000,0x8000,0x8000,0x8000,0x8000,0x8000,0x8000,
0x8000,0x8000,0x8000,0x8000,0x8000,0x8000,0x8000,0x8000,0x8000,0x8000,0x8000,0x8000,0x8000,0x8000,0x8000,0x8000,0x8000,0x8000,0x8000,0x8000,0x8000,
0x8000,0x8000,0x8000,0x8000,0x8000,0x8000,0x8000,0x8000,0x8000,0x8000,0x8000,0x8000,0x8000,0x8000,0x8000,0x8000,0x8000,0x8000,0x8000,0x8000,0x8000,
0x8000,0x8000,0x8000,0x8000,0x8000,0x8000,0x8000,0x8000,0x8000,0x8000,0x8000,0x8000,0x8000,0x8000,0x8000,0x8000,0x8000,0x8000,0x8000,0x8000,0x8000,
0x8000,0x8000,0x8000,0x8000,0x8000,0x8000,0x8000,0x8000,0x8000,0x8000,0x8000,0x8000,0x8000,0x8000,0x8000,0x8000,0x8000,0x8000,0x8000,0x8000,0x8000,
0x8000,0x8000,0x8000,0x8000,0x8000,0x8000,0x8000,0x8000,0x8000,0x8000,0x8000,0x8000,0x8000,0x8000,0x8000,0x8000,0x8000,0x8000,0x8000,0x8000,0x8000,
0x8000,0x8000,0x8000,0x8000,0x8000,0x8000,0x8000,0x8000,0x8000,0x8000,0x8000,0x8000,0x8000,0x8000,0x8000,0x8000,0x8000,0x8000,0x8000,0x8000,0x8000,
0x8000,0x8000,0x8000,0x8000,0x8000,0x8000,0x8000,0x8000,0x8000,0x8000,0x8000,0x8000,0x8000,0x8000,0x8000,0x8000,0x4125,0x4125,0x4125,0x8000,0x8000,
0x8000,0x8000,0x8000,0x8000,0x8000,0x8000,0x8000,0x8000,0x8000,0x8000,0x8000,0x8000,0x8000,0x8000,0x5670,0x4125,0x61C8,0x24A2,0x1861,0x8000,0x8000,
0x8000,0x8000,0x8000,0x8000,0x8000,0x8000,0x8000,0x8000,0x8000,0x8000,0x8000,0x8000,0x4125,0x5670,0x7FB8,0x24A2,0x24A2,0x24A2,0x1861,0x8000,0x8000,
0x8000,0x8000,0x8000,0x8000,0x8000,0x8000,0x8000,0x8000,0x8000,0x8000,0x4125,0x4125,0x61C8,0x24A2,0x24A2,0x24A2,0x24A2,0x24A2,0x1861,0x8000,0x8000,
0x8000,0x8000,0x8000,0x8000,0x8000,0x8000,0x8000,0x8000,0x4125,0x2082,0x61C8,0x24A2,0x24A2,0x24A2,0x24A2,0x24A2,0x24A2,0x24A2,0x1861,0x8000,0x8000,
0x8000,0x8000,0x8000,0x8000,0x8000,0x8000,0x8000,0x8000,0x2082,0x30C3,0x24A2,0x24A2,0x24A2,0x24A2,0x24A2,0x24A2,0x24A2,0x24A2,0x1861,0x8000,0x8000,
0x8000,0x8000,0x8000,0x8000,0x8000,0x8000,0x8000,0x2082,0x30C3,0x30C3,0x24A2,0x24A2,0x24A2,0x24A2,0x24A2,0x24A2,0x24A2,0x24A2,0x1861,0x8000,0x8000,
0x8000,0x8000,0x8000,0x8000,0x8000,0x8000,0x4125,0x30C3,0x30C3,0x30C3,0x24A2,0x24A2,0x24A2,0x24A2,0x24A2,0x24A2,0x24A2,0x24A2,0x1861,0x8000,0x8000,
0x8000,0x8000,0x8000,0x8000,0x8000,0x2082,0x30C3,0x30C3,0x30C3,0x30C3,0x24A2,0x24A2,0x24A2,0x24A2,0x24A2,0x24A2,0x24A2,0x24A2,0x1861,0x8000,0x8000,
0x8000,0x8000,0x8000,0x8000,0x4125,0x30C3,0x30C3,0x30C3,0x30C3,0x30C3,0x24A2,0x24A2,0x24A2,0x24A2,0x24A2,0x24A2,0x24A2,0x24A2,0x1861,0x8000,0x8000,
0x8000,0x8000,0x8000,0x8000,0x2082,0x30C3,0x30C3,0x30C3,0x30C3,0x30C3,0x24A2,0x24A2,0x24A2,0x24A2,0x24A2,0x24A2,0x24A2,0x24A2,0x1861,0x8000,0x8000,
0x8000,0x8000,0x4125,0x2082,0x30C3,0x30C3,0x30C3,0x30C3,0x30C3,0x30C3,0x24A2,0x24A2,0x24A2,0x24A2,0x24A2,0x24A2,0x24A2,0x24A2,0x1861,0x8000,0x8000,
0x8000,0x8000,0x2082,0x2082,0x30C3,0x30C3,0x30C3,0x30C3,0x30C3,0x30C3,0x24A2,0x24A2,0x24A2,0x24A2,0x24A2,0x24A2,0x24A2,0x1861,0x1861,0x8000,0x8000,
0x8000,0x8000,0x8000,0x8000,0x2082,0x2082,0x30C3,0x30C3,0x30C3,0x30C3,0x24A2,0x24A2,0x24A2,0x24A2,0x24A2,0x1861,0x1861,0x8000,0x8000,0x8000,0x8000,
0x8000,0x8000,0x8000,0x8000,0x8000,0x8000,0x2082,0x2082,0x30C3,0x30C3,0x24A2,0x24A2,0x24A2,0x1861,0x1861,0x8000,0x8000,0x8000,0x8000,0x8000,0x8000,
0x8000,0x8000,0x8000,0x8000,0x8000,0x8000,0x8000,0x8000,0x2082,0x2082,0x24A2,0x1861,0x1861,0x8000,0x8000,0x8000,0x8000,0x8000,0x8000,0x8000,0x8000,
0x8000,0x8000,0x8000,0x8000,0x8000,0x8000,0x8000,0x8000,0x8000,0x8000,0x1861,0x8000,0x8000,0x8000,0x8000,0x8000,0x8000,0x8000,0x8000,0x8000,0x8000,
0x8000,0x8000,0x8000,0x8000,0x8000,0x8000,0x8000,0x8000,0x8000,0x8000,0x8000,0x8000,0x8000,0x8000,0x8000,0x8000,0x8000,0x8000,0x8000,0x8000,0x8000},
{0x8000,0x8000,0x8000,0x8000,0x8000,0x8000,0x8000,0x8000,0x8000,0x8000,0x8000,0x8000,0x8000,0x8000,0x8000,0x8000,0x8000,0x8000,0x8000,0x8000,0x8000,
0x8000,0x8000,0x8000,0x8000,0x8000,0x8000,0x8000,0x8000,0x8000,0x8000,0x8000,0x8000,0x8000,0x8000,0x8000,0x8000,0x8000,0x8000,0x8000,0x8000,0x8000,
0x8000,0x8000,0x8000,0x8000,0x8000,0x8000,0x8000,0x8000,0x8000,0x8000,0x8000,0x8000,0x8000,0x8000,0x8000,0x8000,0x8000,0x8000,0x8000,0x8000,0x8000,
0x8000,0x8000,0x8000,0x8000,0x8000,0x8000,0x8000,0x8000,0x8000,0x8000,0x8000,0x8000,0x8000,0x8000,0x8000,0x8000,0x8000,0x8000,0x8000,0x8000,0x8000,
0x8000,0x8000,0x8000,0x8000,0x8000,0x8000,0x8000,0x8000,0x8000,0x8000,0x8000,0x8000,0x8000,0x8000,0x8000,0x8000,0x8000,0x8000,0x8000,0x8000,0x8000,
0x8000,0x8000,0x8000,0x8000,0x8000,0x8000,0x8000,0x8000,0x8000,0x8000,0x8000,0x8000,0x8000,0x8000,0x8000,0x8000,0x8000,0x8000,0x8000,0x8000,0x8000,
0x8000,0x8000,0x8000,0x8000,0x8000,0x8000,0x8000,0x8000,0x8000,0x8000,0x8000,0x8000,0x8000,0x8000,0x8000,0x8000,0x8000,0x8000,0x8000,0x8000,0x8000,
0x8000,0x8000,0x8000,0x8000,0x8000,0x8000,0x8000,0x8000,0x8000,0x8000,0x8000,0x8000,0x8000,0x8000,0x8000,0x8000,0x8000,0x8000,0x8000,0x8000,0x8000,
0x8000,0x8000,0x8000,0x8000,0x8000,0x8000,0x8000,0x8000,0x8000,0x8000,0x5E75,0x8000,0x8000,0x8000,0x8000,0x8000,0x8000,0x8000,0x8000,0x8000,0x8000,
0x8000,0x8000,0x8000,0x8000,0x8000,0x8000,0x8000,0x8000,0x5E75,0x5E75,0x51AE,0x5E75,0x5E75,0x8000,0x8000,0x8000,0x8000,0x8000,0x8000,0x8000,0x8000,
0x8000,0x8000,0x8000,0x8000,0x8000,0x8000,0x5E75,0x5E75,0x51AE,0x51AE,0x51AE,0x51AE,0x51AE,0x5E75,0x5E75,0x8000,0x8000,0x8000,0x8000,0x8000,0x8000,
0x8000,0x8000,0x8000,0x8000,0x5E75,0x5E75,0x51AE,0x51AE,0x6E54,0x51AE,0x51AE,0x6E54,0x51AE,0x51AE,0x51AE,0x5E75,0x5E75,0x8000,0x8000,0x8000,0x8000,
0x8000,0x8000,0x5E75,0x5E75,0x7F5C,0x51AE,0x51AE,0x51AE,0x51AE,0x51AE,0x51AE,0x51AE,0x51AE,0x51AE,0x51AE,0x51AE,0x7F5C,0x5E75,0x5E75,0x8000,0x8000,
0x8000,0x8000,0x45CF,0x5E75,0x7F5C,0x7F5C,0x7F5C,0x51AE,0x6E54,0x51AE,0x51AE,0x51AE,0x51AE,0x6E54,0x7F5C,0x7F5C,0x7F5C,0x45CF,0x314B,0x8000,0x8000,
0x8000,0x8000,0x2085,0x2CC7,0x5E75,0x5E75,0x7F5C,0x7F5C,0x7F5C,0x51AE,0x51AE,0x51AE,0x7F5C,0x7F5C,0x7F5C,0x45CF,0x45CF,0x20A5,0x1863,0x8000,0x8000,
0x8000,0x8000,0x2CC7,0x3D2A,0x2CC7,0x2CC7,0x5E75,0x5E75,0x7F5C,0x7F5C,0x7F5C,0x7F5C,0x7F5C,0x45CF,0x45CF,0x20A5,0x20A5,0x2CE7,0x20A5,0x8000,0x8000,
0x8000,0x8000,0x2CC7,0x3D2A,0x3D2A,0x3D2A,0x2CC7,0x2CC7,0x5E75,0x5E75,0x7F5C,0x45CF,0x45CF,0x20A5,0x20A5,0x2CE7,0x2CE7,0x2CE7,0x20A5,0x8000,0x8000,
0x8000,0x8000,0xDF1,0x1297,0x51AF,0x3D2A,0x3D2A,0x3D2A,0x2CC7,0x2CC7,0x45CF,0x20A5,0x20A5,0x2CE7,0x2CE7,0x2CE7,0x2CE7,0xDF1,0x96C,0x8000,0x8000,
0x8000,0x8000,0xDF1,0x1297,0x1297,0x1297,0x3D2A,0x3D2A,0x3D2A,0x3D2A,0x20A5,0x2CE7,0x2CE7,0x2CE7,0x2CE7,0xDF1,0xDF1,0xDF1,0x96C,0x8000,0x8000,
0x8000,0x8000,0x2CC7,0x3D2A,0x1297,0x1297,0x1297,0x1297,0x3D2A,0x3D2A,0x2CE7,0x2CE7,0x3D4B,0xDF1,0xDF1,0xDF1,0xDF1,0x2CE7,0x20A5,0x8000,0x8000,
0x8000,0x8000,0x2CC7,0x3D2A,0x3D2A,0x3D2A,0x1297,0x1297,0x1297,0x1297,0x2CE7,0xDF1,0xDF1,0xDF1,0xDF1,0x2CE7,0x2CE7,0x2CE7,0x20A5,0x8000,0x8000,
0x8000,0x8000,0x2CC7,0x3D2A,0x3D2A,0x3D2A,0x3D2A,0x3D2A,0x1297,0x1297,0xDF1,0xDF1,0xDF1,0x2CE7,0x2CE7,0x3D4B,0x2CE7,0x2CE7,0x20A5,0x8000,0x8000,
0x8000,0x8000,0x2085,0x2085,0x3D2A,0x3D2A,0x3D2A,0x51AF,0x3D2A,0x3D2A,0xDF1,0x2CE7,0x2CE7,0x2CE7,0x2CE7,0x2CE7,0x2CE7,0x1863,0x1863,0x8000,0x8000,
0x8000,0x8000,0x8000,0x8000,0x2085,0x2085,0x3D2A,0x3D2A,0x3D2A,0x3D2A,0x2CE7,0x2CE7,0x2CE7,0x2CE7,0x2CE7,0x1863,0x1863,0x8000,0x8000,0x8000,0x8000,
0x8000,0x8000,0x8000,0x8000,0x8000,0x8000,0x2085,0x2085,0x3D2A,0x3D2A,0x2CE7,0x2CE7,0x2CE7,0x1863,0x1863,0x8000,0x8000,0x8000,0x8000,0x8000,0x8000,
0x8000,0x8000,0x8000,0x8000,0x8000,0x8000,0x8000,0x8000,0x2085,0x2085,0x2CE7,0x1863,0x1863,0x8000,0x8000,0x8000,0x8000,0x8000,0x8000,0x8000,0x8000,
0x8000,0x8000,0x8000,0x8000,0x8000,0x8000,0x8000,0x8000,0x8000,0x8000,0x1863,0x8000,0x8000,0x8000,0x8000,0x8000,0x8000,0x8000,0x8000,0x8000,0x8000,
0x8000,0x8000,0x8000,0x8000,0x8000,0x8000,0x8000,0x8000,0x8000,0x8000,0x8000,0x8000,0x8000,0x8000,0x8000,0x8000,0x8000,0x8000,0x8000,0x8000,0x8000},
{0x8000,0x8000,0x8000,0x8000,0x8000,0x8000,0x8000,0x8000,0x8000,0x8000,0x8000,0x8000,0x8000,0x8000,0x8000,0x8000,0x8000,0x8000,0x8000,0x8000,0x8000,
0x8000,0x8000,0x8000,0x8000,0x8000,0x8000,0x8000,0x8000,0x8000,0x8000,0x8000,0x8000,0x8000,0x8000,0x8000,0x8000,0x8000,0x8000,0x8000,0x8000,0x8000,
0x8000,0x8000,0x8000,0x8000,0x8000,0x8000,0x8000,0x8000,0x8000,0x8000,0x8000,0x8000,0x8000,0x8000,0x8000,0x8000,0x8000,0x8000,0x8000,0x8000,0x8000,
0x8000,0x8000,0x8000,0x8000,0x8000,0x8000,0x8000,0x8000,0x8000,0x8000,0x8000,0x8000,0x8000,0x8000,0x8000,0x8000,0x8000,0x8000,0x8000,0x8000,0x8000,
0x8000,0x8000,0x8000,0x8000,0x8000,0x8000,0x8000,0x8000,0x8000,0x8000,0x8000,0x8000,0x8000,0x8000,0x8000,0x8000,0x8000,0x8000,0x8000,0x8000,0x8000,
0x8000,0x8000,0x8000,0x8000,0x8000,0x8000,0x8000,0x8000,0x8000,0x8000,0x8000,0x8000,0x8000,0x8000,0x8000,0x8000,0x8000,0x8000,0x8000,0x8000,0x8000,
0x8000,0x8000,0x8000,0x8000,0x8000,0x8000,0x8000,0x8000,0x8000,0x8000,0x8000,0x8000,0x8000,0x8000,0x8000,0x8000,0x8000,0x8000,0x8000,0x8000,0x8000,
0x8000,0x8000,0x8000,0x8000,0x8000,0x8000,0x8000,0x8000,0x8000,0x8000,0x8000,0x8000,0x8000,0x8000,0x8000,0x8000,0x8000,0x8000,0x8000,0x8000,0x8000,
0x8000,0x8000,0x8000,0x8000,0x8000,0x8000,0x8000,0x8000,0x8000,0x8000,0x8000,0x8000,0x8000,0x8000,0x8000,0x8000,0x8000,0x8000,0x8000,0x8000,0x8000,
0x8000,0x8000,0x8000,0x8000,0x8000,0x8000,0x8000,0x8000,0x8000,0x8000,0x8000,0x8000,0x8000,0x8000,0x8000,0x8000,0x8000,0x8000,0x8000,0x8000,0x8000,
0x8000,0x8000,0x8000,0x8000,0x8000,0x8000,0x8000,0x8000,0x8000,0x8000,0x8000,0x8000,0x8000,0x8000,0x8000,0x8000,0x8000,0x8000,0x8000,0x8000,0x8000,
0x8000,0x8000,0x8000,0x8000,0x8000,0x8000,0x8000,0x8000,0x8000,0x8000,0x849,0x8000,0x8000,0x8000,0x8000,0x8000,0x8000,0x8000,0x8000,0x8000,0x8000,
0x8000,0x8000,0x8000,0x8000,0x8000,0x8000,0x8000,0x8000,0x849,0x849,0x14D8,0x849,0x849,0x8000,0x8000,0x8000,0x8000,0x8000,0x8000,0x8000,0x8000,
0x8000,0x8000,0x8000,0x8000,0x8000,0x8000,0x849,0x849,0x14D8,0x14D8,0x531F,0x14D8,0x14D8,0x849,0x849,0x8000,0x8000,0x8000,0x8000,0x8000,0x8000,
0x8000,0x8000,0x8000,0x8000,0x849,0x849,0xC6E,0x14D8,0x14D8,0x531F,0x531F,0x531F,0x14D8,0x14D8,0xC6E,0x849,0x849,0x8000,0x8000,0x8000,0x8000,
0x8000,0x8000,0x8000,0x8000,0x84C,0xC92,0xC6E,0xC6E,0xC6E,0x14D8,0x14D8,0x14D8,0xC6E,0xC6E,0xC6E,0x86D,0x448,0x8000,0x8000,0x8000,0x8000,
0x8000,0x8000,0x8000,0x8000,0x426,0x84A,0x1936,0xC92,0xC6E,0xC6E,0xC6E,0xC6E,0xC6E,0x86D,0x86D,0x427,0x4,0x8000,0x8000,0x8000,0x8000,
0x8000,0x8000,0x8000,0x8000,0x84C,0xC92,0x84A,0x84A,0xC92,0xC92,0xC6E,0x86D,0x14D0,0x427,0x427,0x86D,0x448,0x8000,0x8000,0x8000,0x8000,
0x8000,0x8000,0x8000,0x8000,0x84C,0xC92,0x1936,0xC92,0x84A,0x84A,0x86D,0x427,0x427,0x86D,0x86D,0x86D,0x448,0x8000,0x8000,0x8000,0x8000,
0x8000,0x8000,0x8000,0x8000,0x84C,0xC92,0x1936,0xC92,0xC92,0xC92,0x427,0x86D,0x14D0,0x86D,0x86D,0x86D,0x448,0x8000,0x8000,0x8000,0x8000,
0x8000,0x8000,0x8000,0x8000,0x84C,0xC92,0x1936,0xC92,0xC92,0xC92,0x86D,0x86D,0x14D0,0x86D,0x86D,0x86D,0x448,0x8000,0x8000,0x8000,0x8000,
0x8000,0x8000,0x8000,0x8000,0x426,0x84A,0x1936,0xC92,0xC92,0xC92,0x86D,0x86D,0x14D0,0x86D,0x86D,0x427,0x4,0x8000,0x8000,0x8000,0x8000,
0x8000,0x8000,0x8000,0x8000,0x84C,0x84C,0x84A,0x84A,0xC92,0xC92,0x86D,0x86D,0x14D0,0x427,0x427,0x448,0x448,0x8000,0x8000,0x8000,0x8000,
0x8000,0x8000,0x8000,0x8000,0x8000,0x8000,0x10CF,0x84C,0x84A,0x84A,0x86D,0x427,0x427,0x448,0x448,0x8000,0x8000,0x8000,0x8000,0x8000,0x8000,
0x8000,0x8000,0x8000,0x8000,0x8000,0x8000,0x8000,0x8000,0x84C,0x84C,0x427,0x448,0xC8B,0x8000,0x8000,0x8000,0x8000,0x8000,0x8000,0x8000,0x8000,
0x8000,0x8000,0x8000,0x8000,0x8000,0x8000,0x8000,0x8000,0x8000,0x8000,0x448,0x8000,0x8000,0x8000,0x8000,0x8000,0x8000,0x8000,0x8000,0x8000,0x8000,
0x8000,0x8000,0x8000,0x8000,0x8000,0x8000,0x8000,0x8000,0x8000,0x8000,0x8000,0x8000,0x8000,0x8000,0x8000,0x8000,0x8000,0x8000,0x8000,0x8000,0x8000,
0x8000,0x8000,0x8000,0x8000,0x8000,0x8000,0x8000,0x8000,0x8000,0x8000,0x8000,0x8000,0x8000,0x8000,0x8000,0x8000,0x8000,0x8000,0x8000,0x8000,0x8000},
{0x8000,0x8000,0x8000,0x8000,0x8000,0x8000,0x8000,0x8000,0x8000,0x8000,0x8000,0x8000,0x8000,0x8000,0x8000,0x8000,0x8000,0x8000,0x8000,0x8000,0x8000,
0x8000,0x8000,0x8000,0x8000,0x8000,0x8000,0x8000,0x8000,0x8000,0x8000,0x8000,0x8000,0x8000,0x8000,0x8000,0x8000,0x8000,0x8000,0x8000,0x8000,0x8000,
0x8000,0x8000,0x8000,0x8000,0x8000,0x8000,0x8000,0x8000,0x8000,0x8000,0x8000,0x8000,0x8000,0x8000,0x8000,0x8000,0x8000,0x8000,0x8000,0x8000,0x8000,
0x8000,0x8000,0x8000,0x8000,0x8000,0x8000,0x8000,0x8000,0x8000,0x8000,0x8000,0x8000,0x8000,0x8000,0x8000,0x8000,0x8000,0x8000,0x8000,0x8000,0x8000,
0x8000,0x8000,0x8000,0x8000,0x8000,0x8000,0x8000,0x8000,0x8000,0x8000,0x8000,0x8000,0x8000,0x8000,0x8000,0x8000,0x8000,0x8000,0x8000,0x8000,0x8000,
0x8000,0x8000,0x8000,0x8000,0x8000,0x8000,0x8000,0x8000,0x8000,0x8000,0x8000,0x8000,0x8000,0x8000,0x8000,0x8000,0x8000,0x8000,0x8000,0x8000,0x8000,
0x8000,0x8000,0x8000,0x8000,0x8000,0x8000,0x8000,0x8000,0x8000,0x8000,0x8000,0x8000,0x8000,0x8000,0x8000,0x8000,0x8000,0x8000,0x8000,0x8000,0x8000,
0x8000,0x8000,0x8000,0x8000,0x8000,0x8000,0x8000,0x8000,0x8000,0x8000,0x8000,0x8000,0x8000,0x8000,0x8000,0x8000,0x8000,0x8000,0x8000,0x8000,0x8000,
0x8000,0x8000,0x8000,0x8000,0x8000,0x8000,0x8000,0x8000,0x8000,0x8000,0x426F,0x8000,0x8000,0x8000,0x8000,0x8000,0x8000,0x8000,0x8000,0x8000,0x8000,
0x8000,0x8000,0x8000,0x8000,0x8000,0x8000,0x8000,0x8000,0x426F,0x426F,0x4F11,0x426F,0x426F,0x8000,0x8000,0x8000,0x8000,0x8000,0x8000,0x8000,0x8000,
0x8000,0x8000,0x8000,0x8000,0x8000,0x8000,0x426F,0x426F,0x4F11,0x4F11,0x6396,0x4F11,0x4F11,0x426F,0x426F,0x8000,0x8000,0x8000,0x8000,0x8000,0x8000,
0x8000,0x8000,0x8000,0x8000,0x426F,0x426F,0x4F11,0x6396,0x6396,0x4F11,0x4F11,0x6396,0x6396,0x4F11,0x4F11,0x426F,0x426F,0x8000,0x8000,0x8000,0x8000,
0x8000,0x8000,0x426F,0x426F,0x6396,0x4F11,0x6396,0x4F11,0x4F11,0x6396,0x6396,0x4F11,0x4F11,0x4F11,0x6396,0x6396,0x6396,0x426F,0x426F,0x8000,0x8000,
0x8000,0x8000,0x31CB,0x31CB,0x6396,0x6396,0x6396,0x6396,0x6396,0x4F11,0x4F11,0x6396,0x6396,0x6396,0x6396,0x6396,0x6396,0x2148,0x2148,0x8000,0x8000,
0x8000,0x8000,0x8000,0x8000,0x31CB,0x4AB0,0x6396,0x6396,0x6396,0x4F11,0x6396,0x6396,0x6396,0x6396,0x6396,0x35EC,0x2148,0x8000,0x8000,0x8000,0x8000,
0x8000,0x8000,0x8000,0x8000,0x1906,0x3A4C,0x4AB0,0x4AB0,0x6396,0x6396,0x6396,0x6396,0x6396,0x35EC,0x35EC,0x29A9,0x10C4,0x8000,0x8000,0x8000,0x8000,
0x8000,0x8000,0x8000,0x8000,0x1906,0x3A4C,0x29A9,0x3A4C,0x4AB0,0x4AB0,0x6396,0x35EC,0x35EC,0x29A9,0x1D46,0x29A9,0x10C4,0x8000,0x8000,0x8000,0x8000,
0x8000,0x8000,0x8000,0x8000,0x1906,0x3A4C,0x29A9,0x3A4C,0x29A9,0x3A4C,0x35EC,0x29A9,0x1D46,0x29A9,0x1D46,0x29A9,0x10C4,0x8000,0x8000,0x8000,0x8000,
0x8000,0x8000,0x8000,0x8000,0x1906,0x3A4C,0x29A9,0x3A4C,0x29A9,0x3A4C,0x1D46,0x29A9,0x1D46,0x29A9,0x1D46,0x29A9,0x10C4,0x8000,0x8000,0x8000,0x8000,
0x8000,0x8000,0x8000,0x8000,0x1906,0x3A4C,0x29A9,0x3A4C,0x29A9,0x3A4C,0x1D46,0x29A9,0x1D46,0x29A9,0x1D46,0x29A9,0x10C4,0x8000,0x8000,0x8000,0x8000,
0x8000,0x8000,0x8000,0x8000,0x1906,0x3A4C,0x29A9,0x3A4C,0x29A9,0x3A4C,0x1D46,0x29A9,0x1D46,0x29A9,0x1D46,0x29A9,0x10C4,0x8000,0x8000,0x8000,0x8000,
0x8000,0x8000,0x8000,0x8000,0x1906,0x3A4C,0x29A9,0x3A4C,0x29A9,0x3A4C,0x1D46,0x29A9,0x1D46,0x29A9,0x1D46,0x29A9,0x10C4,0x8000,0x8000,0x8000,0x8000,
0x8000,0x8000,0x8000,0x8000,0x1906,0x2588,0x29A9,0x3A4C,0x29A9,0x3A4C,0x1D46,0x29A9,0x1D46,0x29A9,0x1D46,0x1906,0x10C4,0x8000,0x8000,0x8000,0x8000,
0x8000,0x8000,0x8000,0x8000,0x8000,0x8000,0x1906,0x2588,0x29A9,0x3A4C,0x1D46,0x29A9,0x1D46,0x1906,0x10C4,0x8000,0x8000,0x8000,0x8000,0x8000,0x8000,
0x8000,0x8000,0x8000,0x8000,0x8000,0x8000,0x8000,0x8000,0x1906,0x2588,0x1D46,0x1906,0x10C4,0x8000,0x8000,0x8000,0x8000,0x8000,0x8000,0x8000,0x8000,
0x8000,0x8000,0x8000,0x8000,0x8000,0x8000,0x8000,0x8000,0x8000,0x8000,0x10C4,0x8000,0x8000,0x8000,0x8000,0x8000,0x8000,0x8000,0x8000,0x8000,0x8000,
0x8000,0x8000,0x8000,0x8000,0x8000,0x8000,0x8000,0x8000,0x8000,0x8000,0x8000,0x8000,0x8000,0x8000,0x8000,0x8000,0x8000,0x8000,0x8000,0x8000,0x8000,
0x8000,0x8000,0x8000,0x8000,0x8000,0x8000,0x8000,0x8000,0x8000,0x8000,0x8000,0x8000,0x8000,0x8000,0x8000,0x8000,0x8000,0x8000,0x8000,0x8000,0x8000},
{0x8000,0x8000,0x8000,0x8000,0x8000,0x8000,0x8000,0x8000,0x8000,0x8000,0x8000,0x8000,0x8000,0x8000,0x8000,0x8000,0x8000,0x8000,0x8000,0x8000,0x8000,
0x8000,0x8000,0x8000,0x8000,0x8000,0x8000,0x8000,0x8000,0x8000,0x8000,0x8000,0x8000,0x8000,0x8000,0x8000,0x8000,0x8000,0x8000,0x8000,0x8000,0x8000,
0x8000,0x8000,0x8000,0x8000,0x8000,0x8000,0x8000,0x8000,0x8000,0x8000,0x8000,0x8000,0x8000,0x8000,0x8000,0x8000,0x8000,0x8000,0x8000,0x8000,0x8000,
0x8000,0x8000,0x8000,0x8000,0x8000,0x8000,0x8000,0x8000,0x8000,0x8000,0x8000,0x8000,0x8000,0x8000,0x8000,0x8000,0x8000,0x8000,0x8000,0x8000,0x8000,
0x8000,0x8000,0x8000,0x8000,0x8000,0x8000,0x8000,0x8000,0x8000,0x8000,0x8000,0x8000,0x8000,0x8000,0x8000,0x8000,0x8000,0x8000,0x8000,0x8000,0x8000,
0x8000,0x8000,0x8000,0x8000,0x8000,0x8000,0x8000,0x8000,0x8000,0x8000,0x8000,0x8000,0x8000,0x8000,0x8000,0x8000,0x8000,0x8000,0x8000,0x8000,0x8000,
0x8000,0x8000,0x8000,0x8000,0x8000,0x8000,0x8000,0x8000,0x8000,0x8000,0x8000,0x8000,0x8000,0x8000,0x8000,0x8000,0x8000,0x8000,0x8000,0x8000,0x8000,
0x8000,0x8000,0x8000,0x8000,0x8000,0x8000,0x8000,0x8000,0x8000,0x8000,0x8000,0x8000,0x8000,0x8000,0x8000,0x8000,0x8000,0x8000,0x8000,0x8000,0x8000,
0x8000,0x8000,0x8000,0x8000,0x8000,0x8000,0x8000,0x8000,0x8000,0x8000,0x8000,0x8000,0x8000,0x8000,0x8000,0x8000,0x8000,0x8000,0x8000,0x8000,0x8000,
0x8000,0x8000,0x8000,0x8000,0x8000,0x8000,0x8000,0x8000,0x8000,0x8000,0x8000,0x8000,0x8000,0x8000,0x8000,0x8000,0x8000,0x8000,0x8000,0x8000,0x8000,
0x8000,0x8000,0x8000,0x8000,0x8000,0x8000,0x8000,0x8000,0x8000,0x8000,0x8000,0x8000,0x8000,0x8000,0x8000,0x8000,0x8000,0x8000,0x8000,0x8000,0x8000,
0x8000,0x8000,0x8000,0x8000,0x8000,0x8000,0x8000,0x8000,0x8000,0x8000,0x8000,0x8000,0x8000,0x8000,0x8000,0x8000,0x8000,0x8000,0x8000,0x8000,0x8000,
0x8000,0x8000,0x8000,0x8000,0x8000,0x8000,0x8000,0x8000,0x8000,0x8000,0x1951,0x8000,0x8000,0x8000,0x8000,0x8000,0x8000,0x8000,0x8000,0x8000,0x8000,
0x8000,0x8000,0x8000,0x8000,0x8000,0x8000,0x8000,0x8000,0x1951,0x1951,0xCC9,0x1951,0x1951,0x8000,0x8000,0x8000,0x8000,0x8000,0x8000,0x8000,0x8000,
0x8000,0x8000,0x8000,0x8000,0x8000,0x8000,0x1951,0x1951,0xCC9,0x1AC8,0x1AC8,0x1AC8,0xCC9,0x1951,0x1951,0x8000,0x8000,0x8000,0x8000,0x8000,0x8000,
0x8000,0x8000,0x8000,0x8000,0x1951,0x1951,0xCC9,0x1AC8,0xCC9,0x1AC8,0x415E,0xCC9,0x1AC8,0xCC9,0x1AC8,0x1951,0x1951,0x8000,0x8000,0x8000,0x8000,
0x8000,0x8000,0x1951,0x1951,0x25FA,0x1AC8,0xCC9,0x1AC8,0xCC9,0xCC9,0x1AC8,0x1AC8,0xCC9,0xCC9,0xCC9,0xCC9,0x25FA,0x1951,0x1951,0x8000,0x8000,
0x8000,0x8000,0x10ED,0x10EF,0x25FA,0x25FA,0x25FA,0x415E,0xCC9,0x1AC8,0xCC9,0x415E,0xCC9,0x1AC8,0x25FA,0x25FA,0x25FA,0xCAB,0x867,0x8000,0x8000,
0x8000,0x8000,0x866,0xCAA,0x10EF,0x10EF,0x25FA,0x25FA,0x25FA,0x1AC8,0xCC9,0xCC9,0x25FA,0x25FA,0x25FA,0xCAB,0xCAB,0x867,0x444,0x8000,0x8000,
0x8000,0x8000,0x88A,0x10EF,0xCAA,0xCAA,0x1973,0x10EF,0x25FA,0x25FA,0x25FA,0x25FA,0x25FA,0xCAB,0x150E,0x867,0x867,0xCAB,0x867,0x8000,0x8000,
0x8000,0x8000,0x866,0xCAA,0x1973,0x10EF,0xCAA,0xCAA,0x10EF,0x10EF,0x25FA,0xCAB,0xCAB,0x867,0x867,0xCAB,0x150E,0x867,0x444,0x8000,0x8000,
0x8000,0x8000,0x10ED,0x10EF,0xCAA,0xCAA,0x10EF,0x10EF,0xCAA,0xCAA,0x150E,0x867,0x867,0xCAB,0xCAB,0x867,0x867,0xCAB,0x867,0x8000,0x8000,
0x8000,0x8000,0x866,0x866,0x10EF,0x10EF,0xCAA,0xCAA,0x1973,0x10EF,0x867,0xCAB,0x150E,0x867,0x867,0xCAB,0xCAB,0x444,0x444,0x8000,0x8000,
0x8000,0x8000,0x8000,0x8000,0x866,0x866,0x1973,0x10EF,0xCAA,0xCAA,0xCAB,0x867,0x867,0xCAB,0x150E,0x444,0x444,0x8000,0x8000,0x8000,0x8000,
0x8000,0x8000,0x8000,0x8000,0x8000,0x8000,0x866,0x866,0x10EF,0x10EF,0x867,0xCAB,0xCAB,0x444,0x444,0x8000,0x8000,0x8000,0x8000,0x8000,0x8000,
0x8000,0x8000,0x8000,0x8000,0x8000,0x8000,0x8000,0x8000,0x866,0x866,0x150E,0x444,0x444,0x8000,0x8000,0x8000,0x8000,0x8000,0x8000,0x8000,0x8000,
0x8000,0x8000,0x8000,0x8000,0x8000,0x8000,0x8000,0x8000,0x8000,0x8000,0x444,0x8000,0x8000,0x8000,0x8000,0x8000,0x8000,0x8000,0x8000,0x8000,0x8000,
0x8000,0x8000,0x8000,0x8000,0x8000,0x8000,0x8000,0x8000,0x8000,0x8000,0x8000,0x8000,0x8000,0x8000,0x8000,0x8000,0x8000,0x8000,0x8000,0x8000,0x8000},
{0x8000,0x8000,0x8000,0x8000,0x8000,0x8000,0x8000,0x8000,0x8000,0x8000,0x8000,0x8000,0x8000,0x8000,0x8000,0x8000,0x8000,0x8000,0x8000,0x8000,0x8000,
0x8000,0x8000,0x8000,0x8000,0x8000,0x8000,0x8000,0x8000,0x8000,0x8000,0x8000,0x8000,0x8000,0x8000,0x8000,0x8000,0x8000,0x8000,0x8000,0x8000,0x8000,
0x8000,0x8000,0x8000,0x8000,0x8000,0x8000,0x8000,0x8000,0x8000,0x8000,0x8000,0x8000,0x8000,0x8000,0x8000,0x8000,0x8000,0x8000,0x8000,0x8000,0x8000,
0x8000,0x8000,0x8000,0x8000,0x8000,0x8000,0x8000,0x8000,0x8000,0x8000,0x8000,0x8000,0x8000,0x8000,0x8000,0x8000,0x8000,0x8000,0x8000,0x8000,0x8000,
0x8000,0x8000,0x8000,0x8000,0x8000,0x8000,0x8000,0x8000,0x8000,0x8000,0x8000,0x8000,0x8000,0x8000,0x8000,0x8000,0x8000,0x8000,0x8000,0x8000,0x8000,
0x8000,0x8000,0x8000,0x8000,0x8000,0x8000,0x8000,0x8000,0x8000,0x8000,0x8000,0x8000,0x8000,0x8000,0x8000,0x8000,0x8000,0x8000,0x8000,0x8000,0x8000,
0x8000,0x8000,0x8000,0x8000,0x8000,0x8000,0x8000,0x8000,0x8000,0x8000,0x8000,0x8000,0x8000,0x8000,0x8000,0x8000,0x8000,0x8000,0x8000,0x8000,0x8000,
0x8000,0x8000,0x8000,0x8000,0x8000,0x8000,0x8000,0x8000,0x8000,0x8000,0x8000,0x8000,0x8000,0x8000,0x8000,0x8000,0x8000,0x8000,0x8000,0x8000,0x8000,
0x8000,0x8000,0x8000,0x8000,0x8000,0x8000,0x8000,0x8000,0x8000,0x8000,0x8000,0x8000,0x8000,0x8000,0x8000,0x8000,0x8000,0x8000,0x8000,0x8000,0x8000,
0x8000,0x8000,0x8000,0x8000,0x8000,0x8000,0x8000,0x8000,0x8000,0x8000,0x8000,0x8000,0x8000,0x8000,0x8000,0x8000,0x8000,0x8000,0x8000,0x8000,0x8000,
0x8000,0x8000,0x8000,0x8000,0x8000,0x8000,0x8000,0x8000,0x8000,0x8000,0x8000,0x8000,0x8000,0x8000,0x8000,0x8000,0x8000,0x8000,0x8000,0x8000,0x8000,
0x8000,0x8000,0x8000,0x8000,0x8000,0x8000,0x8000,0x8000,0x8000,0x8000,0x8000,0x8000,0x8000,0x8000,0x8000,0x8000,0x8000,0x8000,0x8000,0x8000,0x8000,
0x8000,0x8000,0x8000,0x8000,0x8000,0x8000,0x8000,0x8000,0x8000,0x8000,0x8000,0x8000,0x8000,0x8000,0x8000,0x8000,0x8000,0x8000,0x8000,0x8000,0x8000,
0x8000,0x8000,0x8000,0x8000,0x8000,0x8000,0x8000,0x8000,0x8000,0x8000,0x2615,0x8000,0x8000,0x8000,0x8000,0x8000,0x8000,0x8000,0x8000,0x8000,0x8000,
0x8000,0x8000,0x8000,0x8000,0x8000,0x8000,0x8000,0x8000,0x2615,0x112D,0x1992,0x2615,0x2615,0x8000,0x8000,0x8000,0x8000,0x8000,0x8000,0x8000,0x8000,
0x8000,0x8000,0x8000,0x8000,0x8000,0x8000,0x2615,0x112D,0x1992,0x32DD,0x32DD,0x1992,0x1992,0x2615,0x2615,0x8000,0x8000,0x8000,0x8000,0x8000,0x8000,
0x8000,0x8000,0x8000,0x8000,0x112D,0x112D,0x1992,0x32DD,0x32DD,0x1992,0x1992,0x32DD,0x32DD,0x1992,0x1992,0x2615,0x2615,0x8000,0x8000,0x8000,0x8000,
0x8000,0x8000,0x8000,0x8000,0x198F,0x2615,0x1992,0x1992,0x1992,0x32DD,0x32DD,0x1992,0x1992,0x32DD,0x32DD,0x1990,0x112C,0x8000,0x8000,0x8000,0x8000,
0x8000,0x8000,0x8000,0x8000,0x19B2,0xCC9,0x2615,0x2615,0x1992,0x1992,0x1992,0x32DD,0x32DD,0x1990,0x1990,0x887,0x19B2,0x8000,0x8000,0x8000,0x8000,
0x8000,0x8000,0x19B2,0x19B2,0x2659,0xCC9,0x887,0x887,0x2615,0x2615,0x1992,0x1990,0x1990,0x465,0x887,0x2659,0x2659,0x19B2,0x19B2,0x8000,0x8000,
0x8000,0x8000,0x112D,0x19B2,0x1992,0x1992,0x887,0x2659,0xCC9,0x887,0x1990,0x465,0x465,0x8000,0x112D,0x19B2,0x2659,0x154E,0xCEA,0x8000,0x8000,
0x8000,0x8000,0x8000,0x886,0x19B2,0x19B2,0x2659,0x2659,0xCC9,0x887,0x465,0x8000,0xCC9,0xCC9,0x110D,0x887,0x154E,0x465,0x8000,0x8000,0x8000,
0x8000,0x8000,0x8000,0x886,0x887,0x465,0x112D,0x112D,0x2659,0x2659,0x2659,0x19B2,0x2659,0x887,0x887,0x465,0x465,0x8000,0x8000,0x8000,0x8000,
0x8000,0x8000,0x8000,0x8000,0x465,0x8000,0x8000,0x8000,0x112D,0x19B2,0x2659,0x154E,0x154E,0x465,0x465,0x8000,0x8000,0x8000,0x8000,0x8000,0x8000,
0x8000,0x8000,0x8000,0x8000,0x8000,0x8000,0x8000,0x8000,0x886,0x887,0x154E,0x465,0x465,0x8000,0x8000,0x8000,0x8000,0x8000,0x8000,0x8000,0x8000,
0x8000,0x8000,0x8000,0x8000,0x8000,0x8000,0x8000,0x8000,0x886,0x465,0x465,0x8000,0x8000,0x8000,0x8000,0x8000,0x8000,0x8000,0x8000,0x8000,0x8000,
0x8000,0x8000,0x8000,0x8000,0x8000,0x8000,0x8000,0x8000,0x8000,0x8000,0x8000,0x8000,0x8000,0x8000,0x8000,0x8000,0x8000,0x8000,0x8000,0x8000,0x8000,
0x8000,0x8000,0x8000,0x8000,0x8000,0x8000,0x8000,0x8000,0x8000,0x8000,0x8000,0x8000,0x8000,0x8000,0x8000,0x8000,0x8000,0x8000,0x8000,0x8000,0x8000},
{0x8000,0x8000,0x8000,0x8000,0x8000,0x8000,0x8000,0x8000,0x8000,0x8000,0x8000,0x8000,0x8000,0x8000,0x8000,0x8000,0x8000,0x8000,0x8000,0x8000,0x8000,
0x8000,0x8000,0x8000,0x8000,0x8000,0x8000,0x8000,0x8000,0x8000,0x8000,0x8000,0x8000,0x8000,0x8000,0x8000,0x8000,0x8000,0x8000,0x8000,0x8000,0x8000,
0x8000,0x8000,0x8000,0x8000,0x8000,0x8000,0x8000,0x8000,0x8000,0x8000,0x8000,0x8000,0x8000,0x8000,0x8000,0x8000,0x8000,0x8000,0x8000,0x8000,0x8000,
0x8000,0x8000,0x8000,0x8000,0x8000,0x8000,0x8000,0x8000,0x8000,0x8000,0x8000,0x8000,0x8000,0x8000,0x8000,0x8000,0x8000,0x8000,0x8000,0x8000,0x8000,
0x8000,0x8000,0x8000,0x8000,0x8000,0x8000,0x8000,0x8000,0x8000,0x8000,0x8000,0x8000,0x8000,0x8000,0x8000,0x8000,0x8000,0x8000,0x8000,0x8000,0x8000,
0x8000,0x8000,0x8000,0x8000,0x8000,0x8000,0x8000,0x8000,0x8000,0x8000,0x8000,0x8000,0x8000,0x8000,0x8000,0x8000,0x8000,0x8000,0x8000,0x8000,0x8000,
0x8000,0x8000,0x8000,0x8000,0x8000,0x8000,0x8000,0x8000,0x8000,0x8000,0x8000,0x8000,0x8000,0x8000,0x8000,0x8000,0x8000,0x8000,0x8000,0x8000,0x8000,
0x8000,0x8000,0x8000,0x8000,0x8000,0x8000,0x8000,0x8000,0x8000,0x8000,0x8000,0x8000,0x8000,0x8000,0x8000,0x8000,0x8000,0x8000,0x8000,0x8000,0x8000,
0x8000,0x8000,0x8000,0x8000,0x8000,0x8000,0x8000,0x8000,0x8000,0x8000,0x8000,0x8000,0x8000,0x8000,0x8000,0x8000,0x8000,0x8000,0x8000,0x8000,0x8000,
0x8000,0x8000,0x8000,0x8000,0x8000,0x8000,0x8000,0x8000,0x8000,0x8000,0x8000,0x8000,0x8000,0x8000,0x8000,0x8000,0x8000,0x8000,0x8000,0x8000,0x8000,
0x8000,0x8000,0x8000,0x8000,0x8000,0x8000,0x8000,0x8000,0x8000,0x8000,0x8000,0x8000,0x8000,0x8000,0x8000,0x8000,0x8000,0x8000,0x8000,0x8000,0x8000,
0x8000,0x8000,0x8000,0x8000,0x8000,0x8000,0x8000,0x8000,0x8000,0x8000,0x8000,0x8000,0x8000,0x8000,0x8000,0x8000,0x8000,0x8000,0x8000,0x8000,0x8000,
0x8000,0x8000,0x8000,0x8000,0x8000,0x8000,0x8000,0x8000,0x8000,0x8000,0x8000,0x8000,0x8000,0x8000,0x8000,0x8000,0x8000,0x8000,0x8000,0x8000,0x8000,
0x8000,0x8000,0x8000,0x8000,0x8000,0x8000,0x8000,0x8000,0x8000,0x8000,0x8000,0x8000,0x8000,0x8000,0x8000,0x8000,0x8000,0x8000,0x8000,0x8000,0x8000,
0x8000,0x8000,0x8000,0x8000,0x8000,0x8000,0x5AB4,0x5AB4,0x5AB4,0x8000,0x8000,0x8000,0x8000,0x8000,0x8000,0x8000,0x8000,0x8000,0x8000,0x8000,0x8000,
0x8000,0x8000,0x8000,0x8000,0x8000,0x86F,0x7B9B,0x7B9B,0x7B9B,0x5AB4,0x5AB4,0x8000,0x8000,0x8000,0x8000,0x8000,0x8000,0x8000,0x8000,0x8000,0x8000,
0x8000,0x8000,0x8000,0x8000,0x8000,0x4210,0xC94,0x5AD6,0x7B9B,0x7B9B,0x7B9B,0x5AB4,0x5AB4,0x8000,0x8000,0x8000,0x8000,0x8000,0x8000,0x8000,0x8000,
0x8000,0x8000,0x8000,0x8000,0x398C,0x4E31,0x5AD6,0xC94,0x5AD6,0xC94,0x7B9B,0x7B9B,0x7B9B,0x5AB4,0x5AB4,0x8000,0x8000,0x8000,0x8000,0x8000,0x8000,
0x8000,0x8000,0x8000,0x8000,0x358C,0x4A10,0x4E31,0x4E31,0xC94,0x5AD6,0xC94,0x5AD6,0x7B9B,0x7B9B,0x7B9B,0x318C,0x8000,0x8000,0x8000,0x8000,0x8000,
0x8000,0x8000,0x8000,0x8000,0x2929,0x398C,0x4A10,0x4A10,0x4E31,0x4E31,0x5AD6,0xC94,0x5AD6,0x86F,0x86F,0x86F,0x4A10,0x8000,0x8000,0x8000,0x8000,
0x8000,0x8000,0x8000,0x2929,0x4E31,0x4E31,0x398C,0x398C,0x4A10,0x4A10,0x4E31,0x4E31,0xC94,0x4210,0x4210,0x358C,0x2529,0x8000,0x8000,0x8000,0x8000,
0x8000,0x8000,0x8000,0x1CC6,0x398C,0x398C,0x4E31,0x4E31,0x398C,0x398C,0x4A10,0x4A10,0x4E31,0x358C,0x358C,0x2929,0x2929,0x1CC6,0x8000,0x8000,0x8000,
0x8000,0x8000,0x8000,0x8000,0x1CC6,0x1CC6,0x398C,0x398C,0x4E31,0x4E31,0x398C,0x398C,0x358C,0x2929,0x2929,0x2929,0x2929,0x1484,0x8000,0x8000,0x8000,
0x8000,0x8000,0x8000,0x8000,0x8000,0x8000,0x1CC6,0x1CC6,0x398C,0x398C,0x4E31,0x4E31,0x2929,0x2929,0x2929,0x1484,0x1484,0x8000,0x8000,0x8000,0x8000,
0x8000,0x8000,0x8000,0x8000,0x8000,0x8000,0x8000,0x8000,0x1CC6,0x1CC6,0x398C,0x2929,0x2929,0x1484,0x1484,0x8000,0x8000,0x8000,0x8000,0x8000,0x8000,
0x8000,0x8000,0x8000,0x8000,0x8000,0x8000,0x8000,0x8000,0x8000,0x8000,0x1CC6,0x1484,0x1484,0x8000,0x8000,0x8000,0x8000,0x8000,0x8000,0x8000,0x8000,
0x8000,0x8000,0x8000,0x8000,0x8000,0x8000,0x8000,0x8000,0x8000,0x8000,0x8000,0x8000,0x8000,0x8000,0x8000,0x8000,0x8000,0x8000,0x8000,0x8000,0x8000,
0x8000,0x8000,0x8000,0x8000,0x8000,0x8000,0x8000,0x8000,0x8000,0x8000,0x8000,0x8000,0x8000,0x8000,0x8000,0x8000,0x8000,0x8000,0x8000,0x8000,0x8000},
{0x8000,0x8000,0x8000,0x8000,0x8000,0x8000,0x8000,0x8000,0x8000,0x8000,0x8000,0x8000,0x8000,0x8000,0x8000,0x8000,0x8000,0x8000,0x8000,0x8000,0x8000,
0x8000,0x8000,0x8000,0x8000,0x8000,0x8000,0x8000,0x8000,0x8000,0x8000,0x8000,0x8000,0x8000,0x8000,0x8000,0x8000,0x8000,0x8000,0x8000,0x8000,0x8000,
0x8000,0x8000,0x8000,0x8000,0x8000,0x8000,0x8000,0x8000,0x8000,0x8000,0x8000,0x8000,0x8000,0x8000,0x8000,0x8000,0x8000,0x8000,0x8000,0x8000,0x8000,
0x8000,0x8000,0x8000,0x8000,0x8000,0x8000,0x8000,0x8000,0x8000,0x8000,0x8000,0x8000,0x8000,0x8000,0x8000,0x8000,0x8000,0x8000,0x8000,0x8000,0x8000,
0x8000,0x8000,0x8000,0x8000,0x8000,0x8000,0x8000,0x8000,0x8000,0x8000,0x8000,0x8000,0x8000,0x8000,0x8000,0x8000,0x8000,0x8000,0x8000,0x8000,0x8000,
0x8000,0x8000,0x8000,0x8000,0x8000,0x8000,0x8000,0x8000,0x8000,0x8000,0x8000,0x8000,0x8000,0x8000,0x8000,0x8000,0x8000,0x8000,0x8000,0x8000,0x8000,
0x8000,0x8000,0x8000,0x8000,0x8000,0x8000,0x8000,0x8000,0x8000,0x8000,0x8000,0x8000,0x8000,0x8000,0x8000,0x8000,0x8000,0x8000,0x8000,0x8000,0x8000,
0x8000,0x8000,0x8000,0x8000,0x8000,0x8000,0x8000,0x8000,0x8000,0x8000,0x8000,0x8000,0x8000,0x8000,0x8000,0x8000,0x8000,0x8000,0x8000,0x8000,0x8000,
0x8000,0x8000,0x8000,0x8000,0x8000,0x8000,0x8000,0x8000,0x8000,0x8000,0x8000,0x8000,0x8000,0x8000,0x8000,0x8000,0x8000,0x8000,0x8000,0x8000,0x8000,
0x8000,0x8000,0x8000,0x8000,0x8000,0x8000,0x8000,0x8000,0x8000,0x8000,0x8000,0x8000,0x8000,0x8000,0x8000,0x8000,0x8000,0x8000,0x8000,0x8000,0x8000,
0x8000,0x8000,0x8000,0x8000,0x8000,0x8000,0x8000,0x8000,0x8000,0x8000,0x8000,0x8000,0x8000,0x8000,0x8000,0x8000,0x8000,0x8000,0x8000,0x8000,0x8000,
0x8000,0x8000,0x8000,0x8000,0x8000,0x8000,0x8000,0x8000,0x8000,0x8000,0x8000,0x8000,0x8000,0x8000,0x8000,0x8000,0x8000,0x8000,0x8000,0x8000,0x8000,
0x8000,0x8000,0x8000,0x8000,0x8000,0x8000,0x8000,0x8000,0x8000,0x8000,0x8000,0x8000,0x8000,0x8000,0x8000,0x8000,0x8000,0x8000,0x8000,0x8000,0x8000,
0x8000,0x8000,0x8000,0x8000,0x8000,0x8000,0x8000,0x8000,0x8000,0x8000,0x8000,0x8000,0x8000,0x8000,0x8000,0x8000,0x8000,0x8000,0x8000,0x8000,0x8000,
0x8000,0x8000,0x8000,0x8000,0x8000,0x8000,0x8000,0x8000,0x8000,0x8000,0x8000,0x8000,0x5AB4,0x5AB4,0x5AB4,0x8000,0x8000,0x8000,0x8000,0x8000,0x8000,
0x8000,0x8000,0x8000,0x8000,0x8000,0x8000,0x8000,0x8000,0x8000,0x8000,0x5AB4,0x5AB4,0x7B9B,0x7B9B,0x7B9B,0x318C,0x8000,0x8000,0x8000,0x8000,0x8000,
0x8000,0x8000,0x8000,0x8000,0x8000,0x8000,0x8000,0x8000,0x5AB4,0x5AB4,0x7B9B,0x7B9B,0x7B9B,0x4210,0x4210,0x44B,0x8000,0x8000,0x8000,0x8000,0x8000,
0x8000,0x8000,0x8000,0x8000,0x8000,0x8000,0x5AB4,0x5AB4,0x7B9B,0x7B9B,0x7B9B,0x86F,0x86F,0x86F,0x86F,0x62D6,0x4A10,0x8000,0x8000,0x8000,0x8000,
0x8000,0x8000,0x8000,0x8000,0x8000,0x86F,0x7B9B,0x7B9B,0x7B9B,0x4210,0x4210,0x4210,0x4210,0x4E31,0x4E31,0x358C,0x2529,0x8000,0x8000,0x8000,0x8000,
0x8000,0x8000,0x8000,0x8000,0x398C,0x5AD6,0xC94,0x86F,0x86F,0x86F,0x86F,0x4E31,0x4E31,0x358C,0x358C,0x2929,0x1CC6,0x8000,0x8000,0x8000,0x8000,
0x8000,0x8000,0x8000,0x8000,0x358C,0x4A10,0x5AD6,0x4210,0x4210,0x4E31,0x4E31,0x358C,0x358C,0x2929,0x2929,0x4E31,0x4E31,0x1CC6,0x8000,0x8000,0x8000,
0x8000,0x8000,0x8000,0x2929,0x398C,0x398C,0x4A10,0x4A10,0x4E31,0x358C,0x358C,0x2929,0x2929,0x4E31,0x4E31,0x2929,0x2929,0x1484,0x8000,0x8000,0x8000,
0x8000,0x8000,0x8000,0x1CC6,0x398C,0x398C,0x398C,0x398C,0x358C,0x2929,0x2929,0x4E31,0x4E31,0x2929,0x2929,0x1484,0x1484,0x8000,0x8000,0x8000,0x8000,
0x8000,0x8000,0x8000,0x8000,0x1CC6,0x1CC6,0x398C,0x398C,0x2929,0x4E31,0x4E31,0x2929,0x2929,0x1484,0x1484,0x8000,0x8000,0x8000,0x8000,0x8000,0x8000,
0x8000,0x8000,0x8000,0x8000,0x8000,0x8000,0x1CC6,0x1CC6,0x398C,0x2929,0x2929,0x1484,0x1484,0x8000,0x8000,0x8000,0x8000,0x8000,0x8000,0x8000,0x8000,
0x8000,0x8000,0x8000,0x8000,0x8000,0x8000,0x8000,0x8000,0x1CC6,0x1484,0x1484,0x8000,0x8000,0x8000,0x8000,0x8000,0x8000,0x8000,0x8000,0x8000,0x8000,
0x8000,0x8000,0x8000,0x8000,0x8000,0x8000,0x8000,0x8000,0x8000,0x8000,0x8000,0x8000,0x8000,0x8000,0x8000,0x8000,0x8000,0x8000,0x8000,0x8000,0x8000,
0x8000,0x8000,0x8000,0x8000,0x8000,0x8000,0x8000,0x8000,0x8000,0x8000,0x8000,0x8000,0x8000,0x8000,0x8000,0x8000,0x8000,0x8000,0x8000,0x8000,0x8000},
{0x8000,0x8000,0x8000,0x8000,0x8000,0x8000,0x8000,0x8000,0x8000,0x8000,0x8000,0x8000,0x8000,0x8000,0x8000,0x8000,0x8000,0x8000,0x8000,0x8000,0x8000,
0x8000,0x8000,0x8000,0x8000,0x8000,0x8000,0x8000,0x8000,0x8000,0x8000,0x8000,0x8000,0x8000,0x8000,0x8000,0x8000,0x8000,0x8000,0x8000,0x8000,0x8000,
0x8000,0x8000,0x8000,0x8000,0x8000,0x8000,0x8000,0x8000,0x8000,0x8000,0x8000,0x8000,0x8000,0x8000,0x8000,0x8000,0x8000,0x8000,0x8000,0x8000,0x8000,
0x8000,0x8000,0x8000,0x8000,0x8000,0x8000,0x8000,0x8000,0x8000,0x8000,0x8000,0x8000,0x8000,0x8000,0x8000,0x8000,0x8000,0x8000,0x8000,0x8000,0x8000,
0x8000,0x8000,0x8000,0x8000,0x8000,0x8000,0x8000,0x8000,0x8000,0x8000,0x8000,0x8000,0x8000,0x8000,0x8000,0x8000,0x8000,0x8000,0x8000,0x8000,0x8000,
0x8000,0x8000,0x8000,0x8000,0x8000,0x8000,0x8000,0x8000,0x8000,0x8000,0x8000,0x8000,0x8000,0x8000,0x8000,0x8000,0x8000,0x8000,0x8000,0x8000,0x8000,
0x8000,0x8000,0x8000,0x8000,0x8000,0x8000,0x8000,0x8000,0x8000,0x8000,0x8000,0x8000,0x8000,0x8000,0x8000,0x8000,0x8000,0x8000,0x8000,0x8000,0x8000,
0x8000,0x8000,0x8000,0x8000,0x8000,0x8000,0x8000,0x8000,0x8000,0x8000,0x8000,0x8000,0x8000,0x8000,0x8000,0x8000,0x8000,0x8000,0x8000,0x8000,0x8000,
0x8000,0x8000,0x8000,0x8000,0x8000,0x8000,0x8000,0x8000,0x8000,0x8000,0x8000,0x8000,0x8000,0x8000,0x8000,0x8000,0x8000,0x8000,0x8000,0x8000,0x8000,
0x8000,0x8000,0x8000,0x8000,0x8000,0x8000,0x8000,0x8000,0x8000,0x8000,0x8000,0x8000,0x8000,0x8000,0x8000,0x8000,0x8000,0x8000,0x8000,0x8000,0x8000,
0x8000,0x8000,0x8000,0x8000,0x8000,0x8000,0x8000,0x8000,0x8000,0x8000,0x8000,0x8000,0x8000,0x8000,0x8000,0x8000,0x8000,0x8000,0x8000,0x8000,0x8000,
0x8000,0x8000,0x8000,0x8000,0x8000,0x8000,0x8000,0x8000,0x8000,0x8000,0x8000,0x8000,0x8000,0x8000,0x8000,0x8000,0x8000,0x8000,0x8000,0x8000,0x8000,
0x8000,0x8000,0x8000,0x8000,0x8000,0x8000,0x8000,0x8000,0x8000,0x8000,0x8000,0x8000,0x8000,0x8000,0x8000,0x8000,0x8000,0x8000,0x8000,0x8000,0x8000,
0x8000,0x8000,0x8000,0x8000,0x8000,0x8000,0x8000,0x8000,0x8000,0x8000,0x8000,0x8000,0x8000,0x8000,0x8000,0x8000,0x8000,0x8000,0x8000,0x8000,0x8000,
0x8000,0x8000,0x8000,0x8000,0x8000,0x8000,0x8000,0x8000,0x8000,0x8000,0x8000,0x8000,0x8000,0x8000,0x8000,0x8000,0x8000,0x8000,0x8000,0x8000,0x8000,
0x8000,0x8000,0x8000,0x8000,0x8000,0x8000,0x8000,0x8000,0x8000,0x8000,0xE76,0x8000,0x8000,0x8000,0x8000,0x8000,0x8000,0x8000,0x8000,0x8000,0x8000,
0x8000,0x8000,0x8000,0x8000,0x8000,0x8000,0x8000,0x8000,0xE76,0xE76,0x4A10,0xE76,0xE76,0x8000,0x8000,0x8000,0x8000,0x8000,0x8000,0x8000,0x8000,
0x8000,0x8000,0x8000,0x8000,0x8000,0x8000,0xE76,0xE76,0x4A10,0x4A10,0x66D5,0x4A10,0x4A10,0xE76,0xE76,0x8000,0x8000,0x8000,0x8000,0x8000,0x8000,
0x8000,0x8000,0x8000,0x8000,0xE76,0xE76,0x4A10,0x4A10,0x4A10,0x4A10,0x66D5,0x4A10,0x4A10,0x4A10,0x4A10,0xE76,0xE76,0x8000,0x8000,0x8000,0x8000,
0x8000,0x8000,0xE76,0xE76,0x175E,0x4A10,0x66D5,0x4A10,0x66D5,0x4A10,0x66D5,0x4A10,0x66D5,0x4A10,0x66D5,0x4A10,0x175E,0xE76,0xE76,0x8000,0x8000,
0x8000,0x8000,0x2529,0x358C,0x175E,0x175E,0x175E,0x4A10,0x4A10,0x4A10,0x66D5,0x4A10,0x4A10,0x4A10,0x175E,0x175E,0x175E,0x2929,0x1CC6,0x8000,0x8000,
0x8000,0x8000,0x358B,0x4A0F,0x358C,0x358C,0x175E,0x175E,0x175E,0x4A10,0x66D5,0x4A10,0x175E,0x175E,0x175E,0x2929,0x2929,0x398B,0x2928,0x8000,0x8000,
0x8000,0x8000,0x2529,0x2529,0x4A0F,0x4A0F,0x358C,0x358C,0x175E,0x175E,0x175E,0x175E,0x175E,0x2929,0x2929,0x398B,0x398B,0x1CC6,0x1CC6,0x8000,0x8000,
0x8000,0x8000,0x8000,0x8000,0x2529,0x2529,0x4A0F,0x4A0F,0x358C,0x358C,0x175E,0x2929,0x2929,0x398B,0x398B,0x1CC6,0x1CC6,0x8000,0x8000,0x8000,0x8000,
0x8000,0x8000,0x8000,0x8000,0x8000,0x8000,0x2529,0x2529,0x4A0F,0x4A0F,0x2929,0x398B,0x398B,0x1CC6,0x1CC6,0x8000,0x8000,0x8000,0x8000,0x8000,0x8000,
0x8000,0x8000,0x8000,0x8000,0x8000,0x8000,0x8000,0x8000,0x2529,0x2529,0x398B,0x1CC6,0x1CC6,0x8000,0x8000,0x8000,0x8000,0x8000,0x8000,0x8000,0x8000,
0x8000,0x8000,0x8000,0x8000,0x8000,0x8000,0x8000,0x8000,0x8000,0x8000,0x1CC6,0x8000,0x8000,0x8000,0x8000,0x8000,0x8000,0x8000,0x8000,0x8000,0x8000,
0x8000,0x8000,0x8000,0x8000,0x8000,0x8000,0x8000,0x8000,0x8000,0x8000,0x8000,0x8000,0x8000,0x8000,0x8000,0x8000,0x8000,0x8000,0x8000,0x8000,0x8000},
{0x8000,0x8000,0x8000,0x8000,0x8000,0x8000,0x8000,0x8000,0x8000,0x8000,0x1543,0x8000,0x8000,0x8000,0x8000,0x8000,0x8000,0x8000,0x8000,0x8000,0x8000,
0x8000,0x8000,0x8000,0x8000,0x8000,0x8000,0x8000,0x8000,0x21E6,0x21E6,0x6FF8,0x21E6,0x21E6,0x8000,0x8000,0x8000,0x8000,0x8000,0x8000,0x8000,0x8000,
0x8000,0x8000,0x8000,0x8000,0x8000,0x8000,0x1543,0x1543,0x3B0A,0x6FF8,0x6FF8,0x6FF8,0x3B0A,0x1543,0x1543,0x8000,0x8000,0x8000,0x8000,0x8000,0x8000,
0x8000,0x8000,0x8000,0x8000,0x8000,0x8000,0x1964,0x1964,0x3B0A,0x3B0A,0x2605,0x3B0A,0x3B0A,0x1103,0x1103,0x8000,0x8000,0x8000,0x8000,0x8000,0x8000,
0x8000,0x8000,0x8000,0x8000,0x8000,0x8000,0x8000,0x8000,0x1964,0x2A47,0x2605,0x1DA5,0x1103,0x8000,0x8000,0x8000,0x8000,0x8000,0x8000,0x8000,0x8000,
0x8000,0x8000,0x8000,0x8000,0x8000,0x8000,0x8000,0x8000,0x25A7,0x3EAC,0x1DA5,0x2E09,0x1945,0x8000,0x8000,0x8000,0x8000,0x8000,0x8000,0x8000,0x8000,
0x8000,0x8000,0x8000,0x8000,0x8000,0x8000,0x8000,0x8000,0x25A7,0x3EAC,0x2E09,0x2E09,0x1945,0x8000,0x8000,0x8000,0x8000,0x8000,0x8000,0x8000,0x8000,
0x8000,0x8000,0x8000,0x8000,0x8000,0x8000,0x8000,0x8000,0x25A7,0x2A47,0x2E09,0x1DA5,0x1103,0x8000,0x8000,0x8000,0x8000,0x8000,0x8000,0x8000,0x8000,
0x8000,0x8000,0x8000,0x8000,0x8000,0x8000,0x8000,0x8000,0x25A7,0x2A47,0x2E09,0x1DA5,0x1103,0x8000,0x8000,0x8000,0x8000,0x8000,0x8000,0x8000,0x8000,
0x8000,0x8000,0x8000,0x8000,0x8000,0x8000,0x8000,0x8000,0x25A7,0x2A47,0x2E09,0x1DA5,0x1103,0x8000,0x8000,0x8000,0x8000,0x8000,0x8000,0x8000,0x8000,
0x8000,0x8000,0x8000,0x8000,0x8000,0x8000,0x8000,0x8000,0x25A7,0x2A47,0x2E09,0x1DA5,0x1103,0x8000,0x8000,0x8000,0x8000,0x8000,0x8000,0x8000,0x8000,
0x8000,0x8000,0x8000,0x8000,0x8000,0x8000,0x8000,0x8000,0x25A7,0x2A47,0x2E09,0x1DA5,0x1103,0x8000,0x8000,0x8000,0x8000,0x8000,0x8000,0x8000,0x8000,
0x8000,0x8000,0x8000,0x8000,0x8000,0x8000,0x8000,0x8000,0x25A7,0x2A47,0x2E09,0x1DA5,0x1103,0x8000,0x8000,0x8000,0x8000,0x8000,0x8000,0x8000,0x8000,
0x8000,0x8000,0x8000,0x8000,0x8000,0x8000,0x8000,0x8000,0x25A7,0x2A47,0x2E09,0x1DA5,0x1103,0x8000,0x8000,0x8000,0x8000,0x8000,0x8000,0x8000,0x8000,
0x8000,0x8000,0x8000,0x8000,0x8000,0x8000,0x8000,0x8000,0x25A7,0x2A47,0x41CE,0x41CE,0x2908,0x8000,0x8000,0x8000,0x8000,0x8000,0x8000,0x8000,0x8000,
0x8000,0x8000,0x8000,0x8000,0x8000,0x8000,0x8000,0x8000,0x25A7,0x2A47,0x314A,0x314A,0x41CE,0x1484,0x8000,0x8000,0x8000,0x8000,0x8000,0x8000,0x8000,
0x8000,0x8000,0x8000,0x8000,0x8000,0x8000,0x8000,0x8000,0x25A7,0x2A47,0x314A,0x314A,0x24E7,0x1484,0x8000,0x8000,0x8000,0x8000,0x8000,0x8000,0x8000,
0x8000,0x8000,0x8000,0x8000,0x8000,0x8000,0x1543,0x1543,0x2A47,0x2A47,0x314A,0x314A,0x24E7,0x24E7,0x1543,0x8000,0x8000,0x8000,0x8000,0x8000,0x8000,
0x8000,0x8000,0x8000,0x8000,0x8000,0x8000,0x1964,0x2A47,0x3B0A,0x3B0A,0x314A,0x314A,0x24E7,0x24E7,0x1103,0x8000,0x8000,0x8000,0x8000,0x8000,0x8000,
0x8000,0x8000,0x8000,0x8000,0x8000,0x8000,0x1964,0x3EAC,0x2A47,0x2A47,0x2605,0x1DA5,0x24E7,0x1DA5,0x1103,0x8000,0x8000,0x8000,0x8000,0x8000,0x8000,
0x8000,0x8000,0x8000,0x8000,0x8000,0x8000,0x1964,0x3EAC,0x3EAC,0x2A47,0x1DA5,0x2E09,0x2E09,0x1DA5,0x1103,0x8000,0x8000,0x8000,0x8000,0x8000,0x8000,
0x8000,0x8000,0x8000,0x8000,0x8000,0x8000,0x1964,0x2A47,0x3EAC,0x2A47,0x1DA5,0x2E09,0x2E09,0x1DA5,0x1103,0x8000,0x8000,0x8000,0x8000,0x8000,0x8000,
0x8000,0x8000,0x8000,0x8000,0x8000,0x8000,0xCE1,0xCE1,0x2A47,0x2A47,0x1DA5,0x1DA5,0x1DA5,0xCA1,0xCA1,0x8000,0x8000,0x8000,0x8000,0x8000,0x8000,
0x8000,0x8000,0x8000,0x8000,0x8000,0x8000,0x8000,0x8000,0xCE1,0xCE1,0x1DA5,0xCA1,0xCA1,0x8000,0x8000,0x8000,0x8000,0x8000,0x8000,0x8000,0x8000,
0x8000,0x8000,0x8000,0x8000,0x8000,0x8000,0x8000,0x8000,0x8000,0x8000,0xCA1,0x8000,0x8000,0x8000,0x8000,0x8000,0x8000,0x8000,0x8000,0x8000,0x8000,
0x8000,0x8000,0x8000,0x8000,0x8000,0x8000,0x8000,0x8000,0x8000,0x8000,0x8000,0x8000,0x8000,0x8000,0x8000,0x8000,0x8000,0x8000,0x8000,0x8000,0x8000,
0x8000,0x8000,0x8000,0x8000,0x8000,0x8000,0x8000,0x8000,0x8000,0x8000,0x8000,0x8000,0x8000,0x8000,0x8000,0x8000,0x8000,0x8000,0x8000,0x8000,0x8000,
0x8000,0x8000,0x8000,0x8000,0x8000,0x8000,0x8000,0x8000,0x8000,0x8000,0x8000,0x8000,0x8000,0x8000,0x8000,0x8000,0x8000,0x8000,0x8000,0x8000,0x8000},
{0x8000,0x8000,0x8000,0x8000,0x8000,0x8000,0x8000,0x8000,0x8000,0x8000,0x8000,0x8000,0x8000,0x8000,0x8000,0x8000,0x8000,0x8000,0x8000,0x8000,0x8000,
0x8000,0x8000,0x8000,0x8000,0x8000,0x8000,0x8000,0x8000,0x8000,0x8000,0x8000,0x8000,0x8000,0x8000,0x8000,0x8000,0x8000,0x8000,0x8000,0x8000,0x8000,
0x8000,0x8000,0x8000,0x8000,0x8000,0x8000,0x8000,0x8000,0x8000,0x8000,0x8000,0x8000,0x8000,0x8000,0x8000,0x8000,0x8000,0x8000,0x8000,0x8000,0x8000,
0x8000,0x8000,0x8000,0x8000,0x8000,0x8000,0x8000,0x8000,0x8000,0x8000,0x8000,0x8000,0x8000,0x8000,0x8000,0x8000,0x8000,0x8000,0x8000,0x8000,0x8000,
0x8000,0x8000,0x8000,0x8000,0x8000,0x8000,0x8000,0x8000,0x8000,0x8000,0x8000,0x8000,0x8000,0x8000,0x8000,0x8000,0x8000,0x8000,0x8000,0x8000,0x8000,
0x8000,0x8000,0x8000,0x8000,0x8000,0x8000,0x8000,0x8000,0x8000,0x8000,0x24E7,0x8000,0x8000,0x8000,0x8000,0x8000,0x8000,0x8000,0x8000,0x8000,0x8000,
0x8000,0x8000,0x8000,0x8000,0x8000,0x8000,0x8000,0x8000,0x24E7,0x1463,0x24C6,0x1463,0x24E7,0x8000,0x8000,0x8000,0x8000,0x8000,0x8000,0x8000,0x8000,
0x8000,0x8000,0x8000,0x8000,0x8000,0x8000,0x8000,0x18A5,0x24C6,0x24C6,0x3D8C,0x24C6,0x24C6,0x1463,0x8000,0x8000,0x8000,0x8000,0x8000,0x8000,0x8000,
0x8000,0x8000,0x8000,0x8000,0x8000,0x8000,0x8000,0x18A5,0x2D29,0x2D29,0x3D8C,0x20C6,0x20C6,0x1463,0x8000,0x8000,0x8000,0x8000,0x8000,0x8000,0x8000,
0x8000,0x8000,0x8000,0x8000,0x8000,0x8000,0x8000,0x2426,0x1884,0x2D29,0x20C6,0x1463,0x20C6,0x1824,0x8000,0x8000,0x8000,0x8000,0x8000,0x8000,0x8000,
0x8000,0x8000,0x8000,0x8000,0x8000,0x8000,0x8000,0x2426,0x3C6A,0x3C6A,0x20C6,0x2C47,0x2C47,0x1824,0x8000,0x8000,0x8000,0x8000,0x8000,0x8000,0x8000,
0x8000,0x8000,0x8000,0x8000,0x8000,0x8000,0x8000,0x4CE,0xD77,0x3C6A,0x2C47,0x911,0x2C47,0x1824,0x8000,0x8000,0x8000,0x8000,0x8000,0x8000,0x8000,
0x8000,0x8000,0x8000,0x8000,0x8000,0x8000,0x8000,0x2426,0xD77,0x3C6A,0x2C47,0x911,0x2C47,0x1824,0x8000,0x8000,0x8000,0x8000,0x8000,0x8000,0x8000,
0x8000,0x8000,0x8000,0x8000,0x8000,0x8000,0x8000,0x2426,0x3C6A,0x3C6A,0x911,0x2C47,0x2C47,0x1824,0x8000,0x8000,0x8000,0x8000,0x8000,0x8000,0x8000,
0x8000,0x8000,0x8000,0x8000,0x8000,0x8000,0x8000,0x2426,0x3C6A,0x3C6A,0x2C47,0x2C47,0x2C47,0x4AA,0x8000,0x8000,0x8000,0x8000,0x8000,0x8000,0x8000,
0x8000,0x8000,0x8000,0x8000,0x8000,0x8000,0x8000,0x2426,0xD77,0xD77,0x2C47,0x911,0x911,0xD0A,0x8000,0x8000,0x8000,0x8000,0x8000,0x8000,0x8000,
0x8000,0x8000,0x8000,0x8000,0x8000,0x8000,0x8000,0x2426,0xD77,0x1E77,0x2C47,0x911,0x15D1,0x1824,0x8000,0x8000,0x8000,0x8000,0x8000,0x8000,0x8000,
0x8000,0x8000,0x8000,0x8000,0x8000,0x8000,0x8000,0x4CE,0x3C6A,0x3C6A,0x2C47,0x2C47,0x2C47,0x1824,0x8000,0x8000,0x8000,0x8000,0x8000,0x8000,0x8000,
0x8000,0x8000,0x8000,0x8000,0x8000,0x8000,0x8000,0x4CE,0x3C6A,0x3C6A,0x2C47,0x2C47,0x2C47,0x1824,0x8000,0x8000,0x8000,0x8000,0x8000,0x8000,0x8000,
0x8000,0x8000,0x8000,0x8000,0x8000,0x8000,0x24E7,0x3C6A,0xD77,0x3C6A,0x911,0x911,0x2C47,0x2C47,0x24E7,0x8000,0x8000,0x8000,0x8000,0x8000,0x8000,
0x8000,0x8000,0x8000,0x8000,0x8000,0x8000,0x18A5,0x2D29,0x3C6A,0x3C6A,0x911,0x2C47,0x2C47,0x20C6,0x1463,0x8000,0x8000,0x8000,0x8000,0x8000,0x8000,
0x8000,0x8000,0x8000,0x8000,0x8000,0x8000,0x18A5,0x1884,0x2D29,0x2D29,0x2C47,0x20C6,0x20C6,0x20C6,0x1463,0x8000,0x8000,0x8000,0x8000,0x8000,0x8000,
0x8000,0x8000,0x8000,0x8000,0x8000,0x8000,0xC42,0xC42,0x2D29,0x2D29,0x20C6,0x1463,0x20C6,0xC21,0xC21,0x8000,0x8000,0x8000,0x8000,0x8000,0x8000,
0x8000,0x8000,0x8000,0x8000,0x8000,0x8000,0x8000,0x8000,0xC42,0xC42,0x20C6,0xC21,0xC21,0x8000,0x8000,0x8000,0x8000,0x8000,0x8000,0x8000,0x8000,
0x8000,0x8000,0x8000,0x8000,0x8000,0x8000,0x8000,0x8000,0x8000,0x8000,0xC21,0x8000,0x8000,0x8000,0x8000,0x8000,0x8000,0x8000,0x8000,0x8000,0x8000,
0x8000,0x8000,0x8000,0x8000,0x8000,0x8000,0x8000,0x8000,0x8000,0x8000,0x8000,0x8000,0x8000,0x8000,0x8000,0x8000,0x8000,0x8000,0x8000,0x8000,0x8000,
0x8000,0x8000,0x8000,0x8000,0x8000,0x8000,0x8000,0x8000,0x8000,0x8000,0x8000,0x8000,0x8000,0x8000,0x8000,0x8000,0x8000,0x8000,0x8000,0x8000,0x8000,
0x8000,0x8000,0x8000,0x8000,0x8000,0x8000,0x8000,0x8000,0x8000,0x8000,0x8000,0x8000,0x8000,0x8000,0x8000,0x8000,0x8000,0x8000,0x8000,0x8000,0x8000},
{0x8000,0x8000,0x8000,0x8000,0x8000,0x8000,0x8000,0x8000,0x8000,0x8000,0x8000,0x8000,0x8000,0x8000,0x8000,0x8000,0x8000,0x8000,0x8000,0x8000,0x8000,
0x8000,0x8000,0x8000,0x8000,0x8000,0x8000,0x8000,0x8000,0x8000,0x8000,0x8000,0x8000,0x8000,0x8000,0x8000,0x8000,0x8000,0x8000,0x8000,0x8000,0x8000,
0x8000,0x8000,0x8000,0x8000,0x8000,0x8000,0x8000,0x8000,0x8000,0x8000,0x8000,0x8000,0x8000,0x8000,0x8000,0x8000,0x8000,0x8000,0x8000,0x8000,0x8000,
0x8000,0x8000,0x8000,0x8000,0x8000,0x8000,0x8000,0x8000,0x8000,0x8000,0x8000,0x8000,0x8000,0x8000,0x8000,0x8000,0x8000,0x8000,0x8000,0x8000,0x8000,
0x8000,0x8000,0x8000,0x8000,0x8000,0x8000,0x8000,0x8000,0x8000,0x8000,0x8000,0x8000,0x8000,0x8000,0x8000,0x8000,0x8000,0x8000,0x8000,0x8000,0x8000,
0x8000,0x8000,0x8000,0x8000,0x8000,0x8000,0x8000,0x8000,0x8000,0x8000,0x8000,0x8000,0x8000,0x8000,0x8000,0x8000,0x8000,0x8000,0x8000,0x8000,0x8000,
0x8000,0x8000,0x8000,0x8000,0x8000,0x8000,0x8000,0x8000,0x8000,0x8000,0x8000,0x8000,0x8000,0x8000,0x8000,0x8000,0x8000,0x8000,0x8000,0x8000,0x8000,
0x8000,0x8000,0x8000,0x8000,0x8000,0x8000,0x8000,0x8000,0x8000,0x8000,0x8000,0x8000,0x8000,0x8000,0x8000,0x8000,0x8000,0x8000,0x8000,0x8000,0x8000,
0x8000,0x8000,0x8000,0x8000,0x8000,0x8000,0x8000,0x8000,0x8000,0x8000,0x8000,0x8000,0x8000,0x8000,0x8000,0x8000,0x8000,0x8000,0x8000,0x8000,0x8000,
0x8000,0x8000,0x8000,0x8000,0x8000,0x8000,0x8000,0x8000,0x8000,0x8000,0x8000,0x8000,0x8000,0x8000,0x8000,0x8000,0x8000,0x8000,0x8000,0x8000,0x8000,
0x8000,0x8000,0x8000,0x8000,0x8000,0x8000,0x8000,0x8000,0x8000,0x8000,0x490F,0x3CAB,0x490F,0x8000,0x8000,0x8000,0x8000,0x8000,0x8000,0x8000,0x8000,
0x8000,0x8000,0x8000,0x8000,0x8000,0x8000,0x8000,0x8000,0x490F,0x490F,0x7A5B,0x6D97,0x7A5B,0x490F,0x490F,0x8000,0x8000,0x8000,0x8000,0x8000,0x8000,
0x8000,0x8000,0x8000,0x8000,0x8000,0x8000,0x8000,0x8000,0x34CB,0x59B4,0x7A5B,0x7A5B,0x7A5B,0x7A5B,0x6D97,0x490F,0x3CAB,0x8000,0x8000,0x8000,0x8000,
0x8000,0x8000,0x8000,0x8000,0x8000,0x8000,0x8000,0x8000,0x34CB,0x5131,0x5131,0x5131,0x6D97,0x6D97,0x6D97,0x6D97,0x6D97,0x2888,0x8000,0x8000,0x8000,
0x8000,0x8000,0x8000,0x8000,0x8000,0x8000,0x8000,0x8000,0x2C88,0x5131,0x5131,0x59B4,0x5131,0x5131,0x6D97,0x3CCC,0x3CCC,0x2888,0x8000,0x8000,0x8000,
0x8000,0x8000,0x8000,0x8000,0x8000,0x8000,0x8000,0x8000,0x2C88,0x40CC,0x5131,0x5131,0x59B4,0x5131,0x3CCC,0x3CCC,0x414F,0x2888,0x8000,0x8000,0x8000,
0x8000,0x8000,0x8000,0x8000,0x8000,0x8000,0x490F,0x490F,0x40CC,0x40CC,0x40CC,0x40CC,0x5131,0x40CC,0x3CCC,0x3CCC,0x3CCC,0x2046,0x8000,0x8000,0x8000,
0x8000,0x8000,0x8000,0x8000,0x3CAB,0x490F,0x6D97,0x6D97,0x40CC,0x40CC,0x40CC,0x40CC,0x40CC,0x40CC,0x3089,0x3089,0x3089,0x1023,0x8000,0x8000,0x8000,
0x8000,0x8000,0x8000,0x34CB,0x6D97,0x6D97,0x6D97,0x6D97,0x40CC,0x40CC,0x40CC,0x40CC,0x40CC,0x40CC,0x3089,0x1C45,0x1C45,0x1023,0x8000,0x8000,0x8000,
0x8000,0x8000,0x8000,0x34CB,0x5131,0x5131,0x6D97,0x6D97,0x40CC,0x40CC,0x40CC,0x40CC,0x40CC,0x40CC,0x1C45,0x1C45,0x1C45,0x1023,0x8000,0x8000,0x8000,
0x8000,0x8000,0x8000,0x2C88,0x5131,0x59B4,0x5131,0x5131,0x40CC,0x40CC,0x40CC,0x40CC,0x40CC,0x40CC,0x1C45,0x1C45,0x1C45,0x1023,0x8000,0x8000,0x8000,
0x8000,0x8000,0x8000,0x2C88,0x5131,0x5131,0x5131,0x5131,0x5131,0x3CCC,0x40CC,0x40CC,0x40CC,0x40CC,0x1C45,0x1C45,0x1C45,0x1023,0x8000,0x8000,0x8000,
0x8000,0x8000,0x8000,0x1844,0x40CC,0x40CC,0x5131,0x59B4,0x5131,0x3CCC,0x3CCC,0x3CCC,0x40CC,0x40CC,0x1C45,0x1023,0x1023,0x8000,0x8000,0x8000,0x8000,
0x8000,0x8000,0x8000,0x8000,0x1844,0x1844,0x40CC,0x40CC,0x40CC,0x3089,0x3CCC,0x3089,0x3089,0x1023,0x1023,0x8000,0x8000,0x8000,0x8000,0x8000,0x8000,
0x8000,0x8000,0x8000,0x8000,0x8000,0x8000,0x1844,0x1844,0x40CC,0x3089,0x3089,0x1023,0x1023,0x8000,0x8000,0x8000,0x8000,0x8000,0x8000,0x8000,0x8000,
0x8000,0x8000,0x8000,0x8000,0x8000,0x8000,0x8000,0x8000,0x1844,0x1023,0x1023,0x8000,0x8000,0x8000,0x8000,0x8000,0x8000,0x8000,0x8000,0x8000,0x8000,
0x8000,0x8000,0x8000,0x8000,0x8000,0x8000,0x8000,0x8000,0x8000,0x8000,0x8000,0x8000,0x8000,0x8000,0x8000,0x8000,0x8000,0x8000,0x8000,0x8000,0x8000,
0x8000,0x8000,0x8000,0x8000,0x8000,0x8000,0x8000,0x8000,0x8000,0x8000,0x8000,0x8000,0x8000,0x8000,0x8000,0x8000,0x8000,0x8000,0x8000,0x8000,0x8000},
{0x8000,0x8000,0x8000,0x8000,0x8000,0x8000,0x8000,0x8000,0x8000,0x8000,0x8000,0x8000,0x8000,0x8000,0x8000,0x8000,0x8000,0x8000,0x8000,0x8000,0x8000,
0x8000,0x8000,0x8000,0x8000,0x8000,0x8000,0x8000,0x8000,0x8000,0x8000,0x8000,0x8000,0x8000,0x8000,0x8000,0x8000,0x8000,0x8000,0x8000,0x8000,0x8000,
0x8000,0x8000,0x8000,0x8000,0x8000,0x8000,0x8000,0x8000,0x8000,0x8000,0x8000,0x8000,0x8000,0x8000,0x8000,0x8000,0x8000,0x8000,0x8000,0x8000,0x8000,
0x8000,0x8000,0x8000,0x8000,0x8000,0x8000,0x8000,0x8000,0x8000,0x8000,0x8000,0x8000,0x8000,0x8000,0x8000,0x8000,0x8000,0x8000,0x8000,0x8000,0x8000,
0x8000,0x8000,0x8000,0x8000,0x8000,0x8000,0x8000,0x8000,0x8000,0x8000,0x8000,0x8000,0x8000,0x8000,0x8000,0x8000,0x8000,0x8000,0x8000,0x8000,0x8000,
0x8000,0x8000,0x8000,0x8000,0x8000,0x8000,0x8000,0x8000,0x8000,0x8000,0x8000,0x8000,0x8000,0x8000,0x8000,0x8000,0x8000,0x8000,0x8000,0x8000,0x8000,
0x8000,0x8000,0x8000,0x8000,0x8000,0x8000,0x8000,0x8000,0x8000,0x8000,0x8000,0x8000,0x8000,0x8000,0x8000,0x8000,0x8000,0x8000,0x8000,0x8000,0x8000,
0x8000,0x8000,0x8000,0x8000,0x8000,0x8000,0x8000,0x8000,0x8000,0x8000,0x8000,0x8000,0x8000,0x8000,0x8000,0x8000,0x8000,0x8000,0x8000,0x8000,0x8000,
0x8000,0x8000,0x8000,0x8000,0x8000,0x8000,0x8000,0x8000,0x8000,0x8000,0x8000,0x8000,0x8000,0x8000,0x8000,0x8000,0x8000,0x8000,0x8000,0x8000,0x8000,
0x8000,0x8000,0x8000,0x8000,0x8000,0x8000,0x8000,0x8000,0x8000,0x8000,0x8000,0x8000,0x8000,0x8000,0x8000,0x8000,0x8000,0x8000,0x8000,0x8000,0x8000,
0x8000,0x8000,0x8000,0x8000,0x8000,0x8000,0x8000,0x8000,0x490F,0x3CAB,0x490F,0x8000,0x8000,0x8000,0x8000,0x8000,0x8000,0x8000,0x8000,0x8000,0x8000,
0x8000,0x8000,0x8000,0x8000,0x8000,0x8000,0x490F,0x490F,0x7A5B,0x6D97,0x6D97,0x490F,0x490F,0x8000,0x8000,0x8000,0x8000,0x8000,0x8000,0x8000,0x8000,
0x8000,0x8000,0x8000,0x8000,0x3CAB,0x490F,0x6D97,0x7A5B,0x7A5B,0x7A5B,0x7A5B,0x3CCC,0x2888,0x8000,0x8000,0x8000,0x8000,0x8000,0x8000,0x8000,0x8000,
0x8000,0x8000,0x8000,0x34CB,0x6D97,0x6D97,0x6D97,0x7A5B,0x7A5B,0x3CCC,0x3CCC,0x3CCC,0x2888,0x8000,0x8000,0x8000,0x8000,0x8000,0x8000,0x8000,0x8000,
0x8000,0x8000,0x8000,0x34CB,0x5131,0x5131,0x6D97,0x414F,0x3CCC,0x414F,0x414F,0x3089,0x2046,0x8000,0x8000,0x8000,0x8000,0x8000,0x8000,0x8000,0x8000,
0x8000,0x8000,0x8000,0x2C88,0x5131,0x59B4,0x3CCC,0x3CCC,0x3CCC,0x3CCC,0x3CCC,0x3089,0x2046,0x8000,0x8000,0x8000,0x8000,0x8000,0x8000,0x8000,0x8000,
0x8000,0x8000,0x8000,0x2C88,0x5131,0x5131,0x3CCC,0x3CCC,0x3CCC,0x3089,0x3089,0x3089,0x3089,0x490F,0x490F,0x8000,0x8000,0x8000,0x8000,0x8000,0x8000,
0x8000,0x8000,0x8000,0x1844,0x40CC,0x40CC,0x3089,0x3089,0x3089,0x3089,0x3089,0x3089,0x3089,0x6D97,0x6D97,0x490F,0x3CAB,0x8000,0x8000,0x8000,0x8000,
0x8000,0x8000,0x8000,0x1844,0x2867,0x2867,0x3089,0x3089,0x3089,0x3089,0x3089,0x3089,0x3089,0x6D97,0x6D97,0x6D97,0x6D97,0x2888,0x8000,0x8000,0x8000,
0x8000,0x8000,0x8000,0x1844,0x2867,0x2867,0x3089,0x3089,0x3089,0x3089,0x3089,0x3089,0x3089,0x6D97,0x6D97,0x3CCC,0x3CCC,0x2888,0x8000,0x8000,0x8000,
0x8000,0x8000,0x8000,0x1844,0x2867,0x2867,0x3089,0x3089,0x3089,0x3089,0x3089,0x3089,0x3089,0x3CCC,0x3CCC,0x3CCC,0x3CCC,0x2046,0x8000,0x8000,0x8000,
0x8000,0x8000,0x8000,0x1844,0x2867,0x2867,0x3089,0x3089,0x3089,0x3089,0x3089,0x3CCC,0x3CCC,0x414F,0x3CCC,0x414F,0x3089,0x2046,0x8000,0x8000,0x8000,
0x8000,0x8000,0x8000,0x8000,0x1844,0x1844,0x3089,0x3089,0x3089,0x59B4,0x5131,0x3CCC,0x3CCC,0x3CCC,0x3CCC,0x3089,0x3089,0x1023,0x8000,0x8000,0x8000,
0x8000,0x8000,0x8000,0x8000,0x8000,0x8000,0x2046,0x1844,0x40CC,0x40CC,0x40CC,0x3089,0x3CCC,0x3089,0x3089,0x1023,0x1023,0x8000,0x8000,0x8000,0x8000,
0x8000,0x8000,0x8000,0x8000,0x8000,0x8000,0x8000,0x8000,0x1844,0x1844,0x40CC,0x3089,0x3089,0x1023,0x1023,0x8000,0x8000,0x8000,0x8000,0x8000,0x8000,
0x8000,0x8000,0x8000,0x8000,0x8000,0x8000,0x8000,0x8000,0x8000,0x8000,0x1844,0x1023,0x1023,0x8000,0x8000,0x8000,0x8000,0x8000,0x8000,0x8000,0x8000,
0x8000,0x8000,0x8000,0x8000,0x8000,0x8000,0x8000,0x8000,0x8000,0x8000,0x8000,0x8000,0x8000,0x8000,0x8000,0x8000,0x8000,0x8000,0x8000,0x8000,0x8000,
0x8000,0x8000,0x8000,0x8000,0x8000,0x8000,0x8000,0x8000,0x8000,0x8000,0x8000,0x8000,0x8000,0x8000,0x8000,0x8000,0x8000,0x8000,0x8000,0x8000,0x8000},
{0x8000,0x8000,0x8000,0x8000,0x8000,0x8000,0x8000,0x8000,0x8000,0x8000,0x8000,0x8000,0x8000,0x8000,0x8000,0x8000,0x8000,0x8000,0x8000,0x8000,0x8000,
0x8000,0x8000,0x8000,0x8000,0x8000,0x8000,0x8000,0x8000,0x8000,0x8000,0x8000,0x8000,0x8000,0x8000,0x8000,0x8000,0x8000,0x8000,0x8000,0x8000,0x8000,
0x8000,0x8000,0x8000,0x8000,0x8000,0x8000,0x8000,0x8000,0x8000,0x8000,0x8000,0x8000,0x8000,0x8000,0x8000,0x8000,0x8000,0x8000,0x8000,0x8000,0x8000,
0x8000,0x8000,0x8000,0x8000,0x8000,0x8000,0x8000,0x8000,0x8000,0x8000,0x8000,0x8000,0x8000,0x8000,0x8000,0x8000,0x8000,0x8000,0x8000,0x8000,0x8000,
0x8000,0x8000,0x8000,0x8000,0x8000,0x8000,0x8000,0x8000,0x8000,0x8000,0x8000,0x8000,0x8000,0x8000,0x8000,0x8000,0x8000,0x8000,0x8000,0x8000,0x8000,
0x8000,0x8000,0x8000,0x8000,0x8000,0x8000,0x8000,0x8000,0x8000,0x8000,0x8000,0x8000,0x8000,0x8000,0x8000,0x8000,0x8000,0x8000,0x8000,0x8000,0x8000,
0x8000,0x8000,0x8000,0x8000,0x8000,0x8000,0x8000,0x8000,0x8000,0x8000,0x8000,0x8000,0x8000,0x8000,0x8000,0x8000,0x8000,0x8000,0x8000,0x8000,0x8000,
0x8000,0x8000,0x8000,0x8000,0x8000,0x8000,0x8000,0x8000,0x8000,0x8000,0x8000,0x8000,0x8000,0x8000,0x8000,0x8000,0x8000,0x8000,0x8000,0x8000,0x8000,
0x8000,0x8000,0x8000,0x8000,0x8000,0x8000,0x8000,0x8000,0x8000,0x8000,0x8000,0x8000,0x8000,0x8000,0x8000,0x8000,0x8000,0x8000,0x8000,0x8000,0x8000,
0x8000,0x8000,0x8000,0x8000,0x8000,0x8000,0x8000,0x8000,0x8000,0x8000,0x8000,0x8000,0x8000,0x8000,0x8000,0x8000,0x8000,0x8000,0x8000,0x8000,0x8000,
0x8000,0x8000,0x8000,0x8000,0x8000,0x8000,0x8000,0x8000,0x8000,0x8000,0x8000,0x8000,0x8000,0x8000,0x8000,0x8000,0x8000,0x8000,0x8000,0x8000,0x8000,
0x8000,0x8000,0x8000,0x8000,0x8000,0x8000,0x8000,0x8000,0x8000,0x8000,0x8000,0x8000,0x8000,0x8000,0x8000,0x8000,0x8000,0x8000,0x8000,0x8000,0x8000,
0x8000,0x8000,0x8000,0x8000,0x8000,0x8000,0x490F,0x8000,0x8000,0x8000,0x8000,0x8000,0x8000,0x8000,0x8000,0x8000,0x8000,0x8000,0x8000,0x8000,0x8000,
0x8000,0x8000,0x8000,0x8000,0x3CAB,0x490F,0x6D97,0x490F,0x5192,0x8000,0x8000,0x8000,0x8000,0x8000,0x8000,0x8000,0x8000,0x8000,0x8000,0x8000,0x8000,
0x8000,0x8000,0x8000,0x34CB,0x6D97,0x6D97,0x6D97,0x7A5B,0x7A5B,0x5192,0x5192,0x3CAB,0x490F,0x8000,0x8000,0x8000,0x8000,0x8000,0x8000,0x8000,0x8000,
0x8000,0x8000,0x8000,0x34CB,0x59B4,0x5131,0x6D97,0x6D97,0x6D97,0x6D97,0x6D97,0x6D97,0x6D97,0x490F,0x490F,0x8000,0x8000,0x8000,0x8000,0x8000,0x8000,
0x8000,0x8000,0x8000,0x2C88,0x5131,0x5131,0x5131,0x5131,0x5911,0x5911,0x5911,0x3CCC,0x3CCC,0x6D97,0x6D97,0x490F,0x3CAB,0x8000,0x8000,0x8000,0x8000,
0x8000,0x8000,0x8000,0x2C88,0x5131,0x5131,0x59B4,0x59B4,0x5131,0x3CCC,0x3CCC,0x414F,0x3CCC,0x6D97,0x6D97,0x6D97,0x6D97,0x2888,0x8000,0x8000,0x8000,
0x8000,0x8000,0x8000,0x2C88,0x40CC,0x40CC,0x5131,0x5131,0x5131,0x3CCC,0x3CCC,0x3CCC,0x3CCC,0x6D97,0x6D97,0x3CCC,0x3CCC,0x2888,0x8000,0x8000,0x8000,
0x8000,0x8000,0x8000,0x2C88,0x40CC,0x40CC,0x40CC,0x40CC,0x40CC,0x3089,0x3CCC,0x3089,0x3089,0x3CCC,0x3CCC,0x3CCC,0x3CCC,0x2046,0x8000,0x8000,0x8000,
0x8000,0x8000,0x8000,0x2C88,0x40CC,0x40CC,0x40CC,0x40CC,0x40CC,0x3089,0x3089,0x1C45,0x1C45,0x414F,0x3CCC,0x414F,0x3089,0x2046,0x8000,0x8000,0x8000,
0x8000,0x8000,0x8000,0x2C88,0x40CC,0x40CC,0x40CC,0x40CC,0x40CC,0x1C45,0x1C45,0x1C45,0x1C45,0x3CCC,0x3CCC,0x3089,0x3089,0x1023,0x8000,0x8000,0x8000,
0x8000,0x8000,0x8000,0x2C88,0x40CC,0x40CC,0x40CC,0x40CC,0x40CC,0x1C45,0x1C45,0x1C45,0x1C45,0x3089,0x3089,0x1023,0x1023,0x8000,0x8000,0x8000,0x8000,
0x8000,0x8000,0x8000,0x8000,0x2C88,0x2C88,0x40CC,0x40CC,0x40CC,0x1C45,0x1C45,0x1C45,0x1C45,0x1023,0x1023,0x8000,0x8000,0x8000,0x8000,0x8000,0x8000,
0x8000,0x8000,0x8000,0x8000,0x8000,0x8000,0x2C88,0x2C88,0x40CC,0x1C45,0x1C45,0x1023,0x1023,0x8000,0x8000,0x8000,0x8000,0x8000,0x8000,0x8000,0x8000,
0x8000,0x8000,0x8000,0x8000,0x8000,0x8000,0x8000,0x8000,0x2C88,0x1023,0x1023,0x8000,0x8000,0x8000,0x8000,0x8000,0x8000,0x8000,0x8000,0x8000,0x8000,
0x8000,0x8000,0x8000,0x8000,0x8000,0x8000,0x8000,0x8000,0x8000,0x8000,0x8000,0x8000,0x8000,0x8000,0x8000,0x8000,0x8000,0x8000,0x8000,0x8000,0x8000,
0x8000,0x8000,0x8000,0x8000,0x8000,0x8000,0x8000,0x8000,0x8000,0x8000,0x8000,0x8000,0x8000,0x8000,0x8000,0x8000,0x8000,0x8000,0x8000,0x8000,0x8000},
{0x8000,0x8000,0x8000,0x8000,0x8000,0x8000,0x8000,0x8000,0x8000,0x8000,0x8000,0x8000,0x8000,0x8000,0x8000,0x8000,0x8000,0x8000,0x8000,0x8000,0x8000,
0x8000,0x8000,0x8000,0x8000,0x8000,0x8000,0x8000,0x8000,0x8000,0x8000,0x8000,0x8000,0x8000,0x8000,0x8000,0x8000,0x8000,0x8000,0x8000,0x8000,0x8000,
0x8000,0x8000,0x8000,0x8000,0x8000,0x8000,0x8000,0x8000,0x8000,0x8000,0x8000,0x8000,0x8000,0x8000,0x8000,0x8000,0x8000,0x8000,0x8000,0x8000,0x8000,
0x8000,0x8000,0x8000,0x8000,0x8000,0x8000,0x8000,0x8000,0x8000,0x8000,0x8000,0x8000,0x8000,0x8000,0x8000,0x8000,0x8000,0x8000,0x8000,0x8000,0x8000,
0x8000,0x8000,0x8000,0x8000,0x8000,0x8000,0x8000,0x8000,0x8000,0x8000,0x8000,0x8000,0x8000,0x8000,0x8000,0x8000,0x8000,0x8000,0x8000,0x8000,0x8000,
0x8000,0x8000,0x8000,0x8000,0x8000,0x8000,0x8000,0x8000,0x8000,0x8000,0x8000,0x8000,0x8000,0x8000,0x8000,0x8000,0x8000,0x8000,0x8000,0x8000,0x8000,
0x8000,0x8000,0x8000,0x8000,0x8000,0x8000,0x8000,0x8000,0x8000,0x8000,0x8000,0x8000,0x8000,0x8000,0x8000,0x8000,0x8000,0x8000,0x8000,0x8000,0x8000,
0x8000,0x8000,0x8000,0x8000,0x8000,0x8000,0x8000,0x8000,0x8000,0x8000,0x8000,0x8000,0x8000,0x8000,0x8000,0x8000,0x8000,0x8000,0x8000,0x8000,0x8000,
0x8000,0x8000,0x8000,0x8000,0x8000,0x8000,0x8000,0x8000,0x8000,0x8000,0x8000,0x8000,0x8000,0x8000,0x8000,0x8000,0x8000,0x8000,0x8000,0x8000,0x8000,
0x8000,0x8000,0x8000,0x8000,0x8000,0x8000,0x8000,0x8000,0x8000,0x8000,0x8000,0x8000,0x8000,0x8000,0x8000,0x8000,0x8000,0x8000,0x8000,0x8000,0x8000,
0x8000,0x8000,0x8000,0x8000,0x8000,0x8000,0x8000,0x8000,0x8000,0x8000,0x8000,0x8000,0x8000,0x8000,0x8000,0x8000,0x8000,0x8000,0x8000,0x8000,0x8000,
0x8000,0x8000,0x8000,0x8000,0x8000,0x8000,0x8000,0x8000,0x8000,0x8000,0x8000,0x8000,0x8000,0x8000,0x8000,0x8000,0x8000,0x8000,0x8000,0x8000,0x8000,
0x8000,0x8000,0x8000,0x8000,0x8000,0x8000,0x8000,0x8000,0x8000,0x8000,0x8000,0x8000,0x8000,0x8000,0x490F,0x8000,0x8000,0x8000,0x8000,0x8000,0x8000,
0x8000,0x8000,0x8000,0x8000,0x8000,0x8000,0x8000,0x8000,0x8000,0x8000,0x8000,0x8000,0x5192,0x5192,0x6D97,0x490F,0x3CAB,0x8000,0x8000,0x8000,0x8000,
0x8000,0x8000,0x8000,0x8000,0x8000,0x8000,0x8000,0x8000,0x490F,0x3CAB,0x490F,0x5192,0x7A5B,0x7A5B,0x6D97,0x6D97,0x6D97,0x2888,0x8000,0x8000,0x8000,
0x8000,0x8000,0x8000,0x8000,0x8000,0x8000,0x490F,0x490F,0x6D97,0x6D97,0x6D97,0x6D97,0x6D97,0x6D97,0x6D97,0x3CCC,0x3CCC,0x2888,0x8000,0x8000,0x8000,
0x8000,0x8000,0x8000,0x8000,0x3CAB,0x490F,0x6D97,0x6D97,0x5131,0x5131,0x5911,0x5911,0x5911,0x3CCC,0x3CCC,0x414F,0x3CCC,0x2046,0x8000,0x8000,0x8000,
0x8000,0x8000,0x8000,0x34CB,0x6D97,0x6D97,0x6D97,0x6D97,0x5131,0x5131,0x5131,0x3CCC,0x414F,0x3CCC,0x414F,0x3CCC,0x3089,0x2046,0x8000,0x8000,0x8000,
0x8000,0x8000,0x8000,0x34CB,0x5131,0x5131,0x6D97,0x6D97,0x40CC,0x5131,0x59B4,0x3CCC,0x3CCC,0x3CCC,0x3CCC,0x3089,0x3089,0x2046,0x8000,0x8000,0x8000,
0x8000,0x8000,0x8000,0x2C88,0x5131,0x59B4,0x5131,0x5131,0x40CC,0x40CC,0x5131,0x3089,0x3CCC,0x3089,0x3089,0x3089,0x3089,0x2046,0x8000,0x8000,0x8000,
0x8000,0x8000,0x8000,0x2C88,0x5131,0x5131,0x5131,0x5131,0x2867,0x2867,0x40CC,0x3089,0x3089,0x3089,0x3089,0x3089,0x3089,0x2046,0x8000,0x8000,0x8000,
0x8000,0x8000,0x8000,0x1844,0x40CC,0x40CC,0x5131,0x59B4,0x2867,0x2867,0x2867,0x3089,0x3089,0x3089,0x3089,0x3089,0x3089,0x2046,0x8000,0x8000,0x8000,
0x8000,0x8000,0x8000,0x8000,0x1844,0x1844,0x40CC,0x40CC,0x2867,0x2867,0x2867,0x3089,0x3089,0x3089,0x3089,0x3089,0x3089,0x2046,0x8000,0x8000,0x8000,
0x8000,0x8000,0x8000,0x8000,0x8000,0x8000,0x1844,0x1844,0x2867,0x2867,0x2867,0x3089,0x3089,0x3089,0x3089,0x2046,0x2046,0x8000,0x8000,0x8000,0x8000,
0x8000,0x8000,0x8000,0x8000,0x8000,0x8000,0x8000,0x8000,0x1844,0x1844,0x2867,0x3089,0x3089,0x2046,0x2046,0x8000,0x8000,0x8000,0x8000,0x8000,0x8000,
0x8000,0x8000,0x8000,0x8000,0x8000,0x8000,0x8000,0x8000,0x8000,0x8000,0x1844,0x2046,0x2046,0x8000,0x8000,0x8000,0x8000,0x8000,0x8000,0x8000,0x8000,
0x8000,0x8000,0x8000,0x8000,0x8000,0x8000,0x8000,0x8000,0x8000,0x8000,0x8000,0x8000,0x8000,0x8000,0x8000,0x8000,0x8000,0x8000,0x8000,0x8000,0x8000,
0x8000,0x8000,0x8000,0x8000,0x8000,0x8000,0x8000,0x8000,0x8000,0x8000,0x8000,0x8000,0x8000,0x8000,0x8000,0x8000,0x8000,0x8000,0x8000,0x8000,0x8000},
{0x8000,0x8000,0x8000,0x8000,0x8000,0x8000,0x1063,0x1063,0x1063,0x1063,0x1063,0x1063,0x8000,0x8000,0x8000,0x8000,0x8000,0x8000,0x8000,0x8000,0x8000,
0x8000,0x8000,0x8000,0x8000,0x8000,0x1063,0xC86,0xC86,0xC86,0xC86,0xC86,0xC86,0x1063,0x1063,0x8000,0x8000,0x8000,0x8000,0x8000,0x8000,0x8000,
0x8000,0x8000,0x8000,0x8000,0x1063,0xC86,0x1CA5,0x1CA5,0x1CA5,0x1CA5,0x1CA5,0x1CA5,0x1CA5,0xC86,0x1063,0x8000,0x8000,0x8000,0x8000,0x8000,0x8000,
0x8000,0x8000,0x8000,0x1063,0xC86,0xC86,0xC86,0xC86,0xC86,0xC86,0xC86,0x1CA5,0x1CA5,0x1CA5,0xC86,0x1063,0x8000,0x8000,0x8000,0x8000,0x8000,
0x8000,0x8000,0x8000,0x1063,0xC86,0xC86,0xC86,0xC86,0xC86,0xC86,0xC86,0xC86,0x1CA5,0x1CA5,0x1CA5,0x1063,0x8000,0x8000,0x8000,0x8000,0x8000,
0x8000,0x8000,0x1063,0xC86,0xC86,0xC86,0xC86,0xC86,0xC86,0xC86,0xC86,0x1CA5,0x1CA5,0x1CA5,0x1CA5,0x1CA5,0x1CA5,0x1063,0x8000,0x8000,0x8000,
0x8000,0x8000,0x1063,0xC86,0xC86,0x2DF6,0x42BC,0xC86,0xC86,0xC86,0x1CA5,0x1CA5,0x3DAD,0x3DAD,0x3DAD,0x3DAD,0x1CA5,0x1CA5,0x1063,0x8000,0x8000,
0x8000,0x8000,0x1063,0xC86,0xC86,0x2DF6,0x42BC,0x42BC,0xC86,0xC86,0x1CA5,0x3DAD,0x1CA5,0x1CA5,0x1CA5,0x1CA5,0x7E86,0x3DAD,0x1CA5,0x1063,0x8000,
0x8000,0x8000,0x1063,0xC86,0xC86,0x2DF6,0x42BC,0x42BC,0x42BC,0xC86,0x1CA5,0x3DAD,0x1CA5,0x1CA5,0x1CA5,0x7FFF,0x1CA5,0x1CA5,0x3DAD,0x1CA5,0x1063,
0x8000,0x8000,0x1063,0xC86,0xC86,0x42BC,0x42BC,0x42BC,0x42BC,0x42BC,0x1CA5,0x1CA5,0x3DAD,0x3DAD,0x3DAD,0x3DAD,0x3DAD,0x3DAD,0x1CA5,0x1CA5,0x1063,
0x8000,0x8000,0x1063,0xC86,0xC86,0x42BC,0x42BC,0x42BC,0x42BC,0x42BC,0x42BC,0x1CA5,0x1CA5,0x1CA5,0x1CA5,0x1CA5,0x1CA5,0x1CA5,0x1CA5,0x42BC,0x8000,
0x8000,0x8000,0x8000,0x1063,0xC86,0x42BC,0x42BC,0x42BC,0x42BC,0x42BC,0x42BC,0x42BC,0x42BC,0x42BC,0x42BC,0x42BC,0x42BC,0x42BC,0x42BC,0x35FB,0x8000,
0x8000,0x8000,0x8000,0x1063,0xC86,0x1573,0x42BC,0x42BC,0x42BC,0x42BC,0x42BC,0x42BC,0x42BC,0x42BC,0x42BC,0x42BC,0x42BC,0x2DF6,0x35FB,0x1063,0x8000,
0x8000,0x8000,0x8000,0x1063,0x1573,0x1573,0xCED,0x42BC,0x42BC,0x42BC,0x42BC,0x42BC,0x2DF6,0x1573,0x1573,0x1573,0x35FB,0x35FB,0x1063,0x8000,0x8000,
0x8000,0x8000,0x8000,0x1063,0x1573,0x1573,0x1573,0xCED,0x1573,0x1573,0x42BC,0x42BC,0x1573,0x1573,0xCED,0x1573,0x1573,0x1573,0x1063,0x8000,0x8000,
0x8000,0x8000,0x8000,0x1063,0x1573,0xCED,0x1573,0x1573,0x1573,0x1573,0xCED,0x1573,0x1573,0x1573,0x1573,0x1573,0x1573,0xCED,0x1063,0x8000,0x8000,
0x8000,0x8000,0x8000,0x8000,0x1063,0x1573,0x1573,0x1573,0x1573,0xCED,0x1573,0x1573,0x1573,0x1573,0xCED,0x1573,0x1573,0x1063,0x8000,0x8000,0x8000,
0x8000,0x8000,0x8000,0x8000,0x1063,0xCED,0x1573,0x1573,0x1573,0x1573,0x1573,0x1573,0xCED,0x1573,0x1573,0xCED,0x1063,0x8000,0x8000,0x8000,0x8000,
0x8000,0x8000,0x1063,0x1063,0x1063,0x2246,0xCED,0x1573,0x1573,0xCED,0x1573,0x1573,0x1573,0x1573,0xCED,0x2246,0x1063,0x1063,0x8000,0x8000,0x8000,
0x8000,0x1063,0x2246,0x2246,0x2246,0x2246,0x2246,0xCED,0x1573,0x1573,0x1573,0x1573,0x1573,0xCED,0x2246,0x2246,0x2246,0x2246,0x1063,0x8000,0x8000,
0x1063,0x2246,0x2246,0x2246,0x2246,0x2246,0x2246,0x2246,0xCED,0xCED,0xCED,0xCED,0xCED,0x2246,0x2246,0x2246,0x2246,0x2246,0x2246,0x1063,0x8000,
0x1063,0x1584,0x2246,0x2246,0x2246,0x2246,0x2246,0x2246,0x2246,0x2246,0x2246,0x2246,0x2246,0x2246,0x2246,0x2246,0x2246,0x2246,0x1584,0x1063,0x8000,
0x8000,0x1063,0x1584,0x1584,0x1584,0x2246,0x2246,0x2246,0x2246,0x2246,0x2246,0x2246,0x2246,0x2246,0x2246,0x1584,0x1584,0x1584,0x1063,0x8000,0x8000,
0x8000,0x8000,0x1063,0x1063,0x1063,0x1584,0x1584,0x1584,0x1584,0x1584,0x1584,0x1584,0x1584,0x1584,0x1584,0x1063,0x1063,0x8000,0x8000,0x8000,0x8000,
0x8000,0x8000,0x8000,0x8000,0x8000,0x8000,0x8000,0x1063,0x398C,0x398C,0x398C,0x398C,0x1063,0x8000,0x8000,0x8000,0x8000,0x8000,0x8000,0x8000,0x8000,
0x8000,0x8000,0x8000,0x8000,0x1063,0x1063,0x398C,0x398C,0x5E94,0x5E94,0x5E94,0x398C,0x398C,0x398C,0x398C,0x1063,0x1063,0x8000,0x8000,0x8000,0x8000,
0x8000,0x8000,0x8000,0x1063,0x398C,0x5E94,0x5E94,0x5E94,0x5E94,0x5E94,0x5E94,0x5E94,0x5E94,0x5E94,0x398C,0x398C,0x1063,0x8000,0x8000,0x8000,0x8000,
0x8000,0x8000,0x8000,0x8000,0x1063,0x1063,0x398C,0x398C,0x398C,0x398C,0x398C,0x398C,0x398C,0x398C,0x1063,0x1063,0x8000,0x8000,0x8000,0x8000,0x8000},
{0x8000,0x8000,0x8000,0x8000,0x8000,0x8000,0x8000,0x8000,0x8000,0x1063,0x1063,0x1063,0x1063,0x1063,0x1063,0x8000,0x8000,0x8000,0x8000,0x8000,0x8000,
0x8000,0x8000,0x8000,0x8000,0x8000,0x8000,0x8000,0x1063,0x1063,0xC86,0xC86,0xC86,0xC86,0xC86,0xC86,0x1063,0x8000,0x8000,0x8000,0x8000,0x8000,
0x8000,0x8000,0x8000,0x8000,0x8000,0x8000,0x1063,0xC86,0x1CA5,0x1CA5,0x1CA5,0x1CA5,0x1CA5,0x1CA5,0x1CA5,0xC86,0x1063,0x8000,0x8000,0x8000,0x8000,
0x8000,0x8000,0x8000,0x8000,0x8000,0x1063,0xC86,0x1CA5,0x1CA5,0x1CA5,0xC86,0xC86,0xC86,0xC86,0xC86,0xC86,0xC86,0x1063,0x8000,0x8000,0x8000,
0x8000,0x8000,0x8000,0x8000,0x8000,0x1063,0x1CA5,0x1CA5,0x1CA5,0xC86,0xC86,0xC86,0xC86,0xC86,0xC86,0xC86,0xC86,0x1063,0x8000,0x8000,0x8000,
0x8000,0x8000,0x8000,0x1063,0x1CA5,0x1CA5,0x1CA5,0x1CA5,0x1CA5,0x1CA5,0xC86,0xC86,0xC86,0xC86,0xC86,0xC86,0xC86,0xC86,0x1063,0x8000,0x8000,
0x8000,0x8000,0x1063,0x1CA5,0x1CA5,0x3DAD,0x3DAD,0x3DAD,0x3DAD,0x1CA5,0x1CA5,0xC86,0xC86,0xC86,0x42BC,0x2DF6,0xC86,0xC86,0x1063,0x8000,0x8000,
0x8000,0x1063,0x1CA5,0x3DAD,0x7E86,0x1CA5,0x1CA5,0x1CA5,0x1CA5,0x3DAD,0x1CA5,0xC86,0xC86,0x42BC,0x42BC,0x2DF6,0xC86,0xC86,0x1063,0x8000,0x8000,
0x1063,0x1CA5,0x3DAD,0x1CA5,0x1CA5,0x7FFF,0x1CA5,0x1CA5,0x1CA5,0x3DAD,0x1CA5,0xC86,0x42BC,0x42BC,0x42BC,0x2DF6,0xC86,0xC86,0x1063,0x8000,0x8000,
0x1063,0x1CA5,0x1CA5,0x3DAD,0x3DAD,0x3DAD,0x3DAD,0x3DAD,0x3DAD,0x1CA5,0x1CA5,0x42BC,0x42BC,0x42BC,0x42BC,0x42BC,0xC86,0xC86,0x1063,0x8000,0x8000,
0x8000,0x42BC,0x1CA5,0x1CA5,0x1CA5,0x1CA5,0x1CA5,0x1CA5,0x1CA5,0x1CA5,0x42BC,0x42BC,0x42BC,0x42BC,0x42BC,0x42BC,0xC86,0xC86,0x1063,0x8000,0x8000,
0x8000,0x35FB,0x42BC,0x42BC,0x42BC,0x42BC,0x42BC,0x42BC,0x42BC,0x42BC,0x42BC,0x42BC,0x42BC,0x42BC,0x42BC,0x42BC,0xC86,0x1063,0x8000,0x8000,0x8000,
0x8000,0x1063,0x35FB,0x2DF6,0x42BC,0x42BC,0x42BC,0x42BC,0x42BC,0x42BC,0x42BC,0x42BC,0x42BC,0x42BC,0x42BC,0x1573,0xC86,0x1063,0x8000,0x8000,0x8000,
0x8000,0x8000,0x1063,0x35FB,0x35FB,0x1573,0x1573,0x1573,0x2DF6,0x42BC,0x42BC,0x42BC,0x42BC,0x42BC,0xCED,0x1573,0x1573,0x1063,0x8000,0x8000,0x8000,
0x8000,0x8000,0x1063,0x1573,0x1573,0x1573,0xCED,0x1573,0x1573,0x42BC,0x42BC,0x1573,0x1573,0xCED,0x1573,0x1573,0x1573,0x1063,0x8000,0x8000,0x8000,
0x8000,0x8000,0x1063,0xCED,0x1573,0x1573,0x1573,0x1573,0x1573,0x1573,0xCED,0x1573,0x1573,0x1573,0x1573,0xCED,0x1573,0x1063,0x8000,0x8000,0x8000,
0x8000,0x8000,0x8000,0x1063,0x1573,0x1573,0xCED,0x1573,0x1573,0x1573,0x1573,0xCED,0x1573,0x1573,0x1573,0x1573,0x1063,0x8000,0x8000,0x8000,0x8000,
0x8000,0x8000,0x8000,0x8000,0x1063,0xCED,0x1573,0x1573,0xCED,0x1573,0x1573,0x1573,0x1573,0x1573,0x1573,0xCED,0x1063,0x8000,0x8000,0x8000,0x8000,
0x8000,0x8000,0x8000,0x1063,0x1063,0x2246,0xCED,0x1573,0x1573,0x1573,0x1573,0xCED,0x1573,0x1573,0xCED,0x2246,0x1063,0x1063,0x1063,0x8000,0x8000,
0x8000,0x8000,0x1063,0x2246,0x2246,0x2246,0x2246,0xCED,0x1573,0x1573,0x1573,0x1573,0x1573,0xCED,0x2246,0x2246,0x2246,0x2246,0x2246,0x1063,0x8000,
0x8000,0x1063,0x2246,0x2246,0x2246,0x2246,0x2246,0x2246,0xCED,0xCED,0xCED,0xCED,0xCED,0x2246,0x2246,0x2246,0x2246,0x2246,0x2246,0x2246,0x1063,
0x8000,0x1063,0x1584,0x2246,0x2246,0x2246,0x2246,0x2246,0x2246,0x2246,0x2246,0x2246,0x2246,0x2246,0x2246,0x2246,0x2246,0x2246,0x2246,0x1584,0x1063,
0x8000,0x8000,0x1063,0x1584,0x1584,0x1584,0x2246,0x2246,0x2246,0x2246,0x2246,0x2246,0x2246,0x2246,0x2246,0x2246,0x1584,0x1584,0x1584,0x1063,0x8000,
0x8000,0x8000,0x8000,0x8000,0x1063,0x1063,0x1584,0x1584,0x1584,0x1584,0x1584,0x1584,0x1584,0x1584,0x1584,0x1584,0x1063,0x1063,0x1063,0x8000,0x8000,
0x8000,0x8000,0x8000,0x8000,0x8000,0x8000,0x8000,0x8000,0x1063,0x398C,0x398C,0x398C,0x398C,0x1063,0x8000,0x8000,0x8000,0x8000,0x8000,0x8000,0x8000,
0x8000,0x8000,0x8000,0x8000,0x1063,0x1063,0x398C,0x398C,0x398C,0x398C,0x5E94,0x5E94,0x5E94,0x398C,0x398C,0x1063,0x1063,0x8000,0x8000,0x8000,0x8000,
0x8000,0x8000,0x8000,0x8000,0x1063,0x398C,0x398C,0x5E94,0x5E94,0x5E94,0x5E94,0x5E94,0x5E94,0x5E94,0x5E94,0x5E94,0x398C,0x1063,0x8000,0x8000,0x8000,
0x8000,0x8000,0x8000,0x8000,0x8000,0x1063,0x1063,0x398C,0x398C,0x398C,0x398C,0x398C,0x398C,0x398C,0x398C,0x1063,0x1063,0x8000,0x8000,0x8000,0x8000},
};
